file,hue,true_x,true_y,btn_hex
calib_red_0_0.png,red,120,90,#fa979c
calib_red_1_0.png,red,320,90,#fa979c
calib_red_2_0.png,red,500,90,#fa979c
calib_red_3_0.png,red,680,90,#fa979c
calib_red_0_1.png,red,120,260,#fa979c
calib_red_1_1.png,red,320,260,#fa979c
calib_red_2_1.png,red,500,260,#fa979c
calib_red_3_1.png,red,680,260,#fa979c
calib_red_0_2.png,red,120,430,#fa979c
calib_red_1_2.png,red,320,430,#fa979c
calib_red_2_2.png,red,500,430,#fa979c
calib_red_3_2.png,red,680,430,#fa979c
calib_green_0_0.png,green,120,90,#b2b86d
calib_green_1_0.png,green,320,90,#b2b86d
calib_green_2_0.png,green,500,90,#b2b86d
calib_green_3_0.png,green,680,90,#b2b86d
calib_green_0_1.png,green,120,260,#b2b86d
calib_green_1_1.png,green,320,260,#b2b86d
calib_green_2_1.png,green,500,260,#b2b86d
calib_green_3_1.png,green,680,260,#b2b86d
calib_green_0_2.png,green,120,430,#b2b86d
calib_green_1_2.png,green,320,430,#b2b86d
calib_green_2_2.png,green,500,430,#b2b86d
calib_green_3_2.png,green,680,430,#b2b86d
calib_blue_0_0.png,blue,120,90,#18c6cb
calib_blue_1_0.png,blue,320,90,#18c6cb
calib_blue_2_0.png,blue,500,90,#18c6cb
calib_blue_3_0.png,blue,680,90,#18c6cb
calib_blue_0_1.png,blue,120,260,#18c6cb
calib_blue_1_1.png,blue,320,260,#18c6cb
calib_blue_2_1.png,blue,500,260,#18c6cb
calib_blue_3_1.png,blue,680,260,#18c6cb
calib_blue_0_2.png,blue,120,430,#18c6cb
calib_blue_1_2.png,blue,320,430,#18c6cb
calib_blue_2_2.png,blue,500,430,#18c6cb
calib_blue_3_2.png,blue,680,430,#18c6cb
calib_purple_0_0.png,purple,120,90,#a5aef8
calib_purple_1_0.png,purple,320,90,#a5aef8
calib_purple_2_0.png,purple,500,90,#a5aef8
calib_purple_3_0.png,purple,680,90,#a5aef8
calib_purple_0_1.png,purple,120,260,#a5aef8
calib_purple_1_1.png,purple,320,260,#a5aef8
calib_purple_2_1.png,purple,500,260,#a5aef8
calib_purple_3_1.png,purple,680,260,#a5aef8
calib_purple_0_2.png,purple,120,430,#a5aef8
calib_purple_1_2.png,purple,320,430,#a5aef8
calib_purple_2_2.png,purple,500,430,#a5aef8
calib_purple_3_2.png,purple,680,430,#a5aef8
