layout,target_hue,flip,target_hex,cx,cy,file
0,20,False,#fa979c,562,521,d2_L0_hue20_N.png
0,20,True,#fa979c,318,521,d2_L0_hue20_R.png
0,65,False,#e4a671,562,521,d2_L0_hue65_N.png
0,65,True,#e4a671,318,521,d2_L0_hue65_R.png
0,110,False,#b2b86d,562,521,d2_L0_hue110_N.png
0,110,True,#b2b86d,318,521,d2_L0_hue110_R.png
0,155,False,#71c493,562,521,d2_L0_hue155_N.png
0,155,True,#71c493,318,521,d2_L0_hue155_R.png
0,200,False,#18c6cb,562,521,d2_L0_hue200_N.png
0,200,True,#18c6cb,318,521,d2_L0_hue200_R.png
0,245,False,#43bff4,562,521,d2_L0_hue245_N.png
0,245,True,#43bff4,318,521,d2_L0_hue245_R.png
0,290,False,#a5aef8,562,521,d2_L0_hue290_N.png
0,290,True,#a5aef8,318,521,d2_L0_hue290_R.png
0,335,False,#e69bd3,562,521,d2_L0_hue335_N.png
0,335,True,#e69bd3,318,521,d2_L0_hue335_R.png
1,20,False,#fa979c,744,331,d2_L1_hue20_N.png
1,20,True,#fa979c,136,331,d2_L1_hue20_R.png
1,65,False,#e4a671,744,331,d2_L1_hue65_N.png
1,65,True,#e4a671,136,331,d2_L1_hue65_R.png
1,110,False,#b2b86d,744,331,d2_L1_hue110_N.png
1,110,True,#b2b86d,136,331,d2_L1_hue110_R.png
1,155,False,#71c493,744,331,d2_L1_hue155_N.png
1,155,True,#71c493,136,331,d2_L1_hue155_R.png
1,200,False,#18c6cb,744,331,d2_L1_hue200_N.png
1,200,True,#18c6cb,136,331,d2_L1_hue200_R.png
1,245,False,#43bff4,744,331,d2_L1_hue245_N.png
1,245,True,#43bff4,136,331,d2_L1_hue245_R.png
1,290,False,#a5aef8,744,331,d2_L1_hue290_N.png
1,290,True,#a5aef8,136,331,d2_L1_hue290_R.png
1,335,False,#e69bd3,744,331,d2_L1_hue335_N.png
1,335,True,#e69bd3,136,331,d2_L1_hue335_R.png
2,20,False,#fa979c,607,414,d2_L2_hue20_N.png
2,20,True,#fa979c,273,414,d2_L2_hue20_R.png
2,65,False,#e4a671,607,414,d2_L2_hue65_N.png
2,65,True,#e4a671,273,414,d2_L2_hue65_R.png
2,110,False,#b2b86d,607,414,d2_L2_hue110_N.png
2,110,True,#b2b86d,273,414,d2_L2_hue110_R.png
2,155,False,#71c493,607,414,d2_L2_hue155_N.png
2,155,True,#71c493,273,414,d2_L2_hue155_R.png
2,200,False,#18c6cb,607,414,d2_L2_hue200_N.png
2,200,True,#18c6cb,273,414,d2_L2_hue200_R.png
2,245,False,#43bff4,607,414,d2_L2_hue245_N.png
2,245,True,#43bff4,273,414,d2_L2_hue245_R.png
2,290,False,#a5aef8,607,414,d2_L2_hue290_N.png
2,290,True,#a5aef8,273,414,d2_L2_hue290_R.png
2,335,False,#e69bd3,607,414,d2_L2_hue335_N.png
2,335,True,#e69bd3,273,414,d2_L2_hue335_R.png
3,20,False,#fa979c,265,197,d2_L3_hue20_N.png
3,20,True,#fa979c,615,197,d2_L3_hue20_R.png
3,65,False,#e4a671,265,197,d2_L3_hue65_N.png
3,65,True,#e4a671,615,197,d2_L3_hue65_R.png
3,110,False,#b2b86d,265,197,d2_L3_hue110_N.png
3,110,True,#b2b86d,615,197,d2_L3_hue110_R.png
3,155,False,#71c493,265,197,d2_L3_hue155_N.png
3,155,True,#71c493,615,197,d2_L3_hue155_R.png
3,200,False,#18c6cb,265,197,d2_L3_hue200_N.png
3,200,True,#18c6cb,615,197,d2_L3_hue200_R.png
3,245,False,#43bff4,265,197,d2_L3_hue245_N.png
3,245,True,#43bff4,615,197,d2_L3_hue245_R.png
3,290,False,#a5aef8,265,197,d2_L3_hue290_N.png
3,290,True,#a5aef8,615,197,d2_L3_hue290_R.png
3,335,False,#e69bd3,265,197,d2_L3_hue335_N.png
3,335,True,#e69bd3,615,197,d2_L3_hue335_R.png
4,20,False,#fa979c,564,417,d2_L4_hue20_N.png
4,20,True,#fa979c,316,417,d2_L4_hue20_R.png
4,65,False,#e4a671,564,417,d2_L4_hue65_N.png
4,65,True,#e4a671,316,417,d2_L4_hue65_R.png
4,110,False,#b2b86d,564,417,d2_L4_hue110_N.png
4,110,True,#b2b86d,316,417,d2_L4_hue110_R.png
4,155,False,#71c493,564,417,d2_L4_hue155_N.png
4,155,True,#71c493,316,417,d2_L4_hue155_R.png
4,200,False,#18c6cb,564,417,d2_L4_hue200_N.png
4,200,True,#18c6cb,316,417,d2_L4_hue200_R.png
4,245,False,#43bff4,564,417,d2_L4_hue245_N.png
4,245,True,#43bff4,316,417,d2_L4_hue245_R.png
4,290,False,#a5aef8,564,417,d2_L4_hue290_N.png
4,290,True,#a5aef8,316,417,d2_L4_hue290_R.png
4,335,False,#e69bd3,564,417,d2_L4_hue335_N.png
4,335,True,#e69bd3,316,417,d2_L4_hue335_R.png
5,20,False,#fa979c,243,305,d2_L5_hue20_N.png
5,20,True,#fa979c,637,305,d2_L5_hue20_R.png
5,65,False,#e4a671,243,305,d2_L5_hue65_N.png
5,65,True,#e4a671,637,305,d2_L5_hue65_R.png
5,110,False,#b2b86d,243,305,d2_L5_hue110_N.png
5,110,True,#b2b86d,637,305,d2_L5_hue110_R.png
5,155,False,#71c493,243,305,d2_L5_hue155_N.png
5,155,True,#71c493,637,305,d2_L5_hue155_R.png
5,200,False,#18c6cb,243,305,d2_L5_hue200_N.png
5,200,True,#18c6cb,637,305,d2_L5_hue200_R.png
5,245,False,#43bff4,243,305,d2_L5_hue245_N.png
5,245,True,#43bff4,637,305,d2_L5_hue245_R.png
5,290,False,#a5aef8,243,305,d2_L5_hue290_N.png
5,290,True,#a5aef8,637,305,d2_L5_hue290_R.png
5,335,False,#e69bd3,243,305,d2_L5_hue335_N.png
5,335,True,#e69bd3,637,305,d2_L5_hue335_R.png
6,20,False,#fa979c,592,316,d2_L6_hue20_N.png
6,20,True,#fa979c,288,316,d2_L6_hue20_R.png
6,65,False,#e4a671,592,316,d2_L6_hue65_N.png
6,65,True,#e4a671,288,316,d2_L6_hue65_R.png
6,110,False,#b2b86d,592,316,d2_L6_hue110_N.png
6,110,True,#b2b86d,288,316,d2_L6_hue110_R.png
6,155,False,#71c493,592,316,d2_L6_hue155_N.png
6,155,True,#71c493,288,316,d2_L6_hue155_R.png
6,200,False,#18c6cb,592,316,d2_L6_hue200_N.png
6,200,True,#18c6cb,288,316,d2_L6_hue200_R.png
6,245,False,#43bff4,592,316,d2_L6_hue245_N.png
6,245,True,#43bff4,288,316,d2_L6_hue245_R.png
6,290,False,#a5aef8,592,316,d2_L6_hue290_N.png
6,290,True,#a5aef8,288,316,d2_L6_hue290_R.png
6,335,False,#e69bd3,592,316,d2_L6_hue335_N.png
6,335,True,#e69bd3,288,316,d2_L6_hue335_R.png
7,20,False,#fa979c,583,188,d2_L7_hue20_N.png
7,20,True,#fa979c,297,188,d2_L7_hue20_R.png
7,65,False,#e4a671,583,188,d2_L7_hue65_N.png
7,65,True,#e4a671,297,188,d2_L7_hue65_R.png
7,110,False,#b2b86d,583,188,d2_L7_hue110_N.png
7,110,True,#b2b86d,297,188,d2_L7_hue110_R.png
7,155,False,#71c493,583,188,d2_L7_hue155_N.png
7,155,True,#71c493,297,188,d2_L7_hue155_R.png
7,200,False,#18c6cb,583,188,d2_L7_hue200_N.png
7,200,True,#18c6cb,297,188,d2_L7_hue200_R.png
7,245,False,#43bff4,583,188,d2_L7_hue245_N.png
7,245,True,#43bff4,297,188,d2_L7_hue245_R.png
7,290,False,#a5aef8,583,188,d2_L7_hue290_N.png
7,290,True,#a5aef8,297,188,d2_L7_hue290_R.png
7,335,False,#e69bd3,583,188,d2_L7_hue335_N.png
7,335,True,#e69bd3,297,188,d2_L7_hue335_R.png
8,20,False,#fa979c,644,471,d2_L8_hue20_N.png
8,20,True,#fa979c,236,471,d2_L8_hue20_R.png
8,65,False,#e4a671,644,471,d2_L8_hue65_N.png
8,65,True,#e4a671,236,471,d2_L8_hue65_R.png
8,110,False,#b2b86d,644,471,d2_L8_hue110_N.png
8,110,True,#b2b86d,236,471,d2_L8_hue110_R.png
8,155,False,#71c493,644,471,d2_L8_hue155_N.png
8,155,True,#71c493,236,471,d2_L8_hue155_R.png
8,200,False,#18c6cb,644,471,d2_L8_hue200_N.png
8,200,True,#18c6cb,236,471,d2_L8_hue200_R.png
8,245,False,#43bff4,644,471,d2_L8_hue245_N.png
8,245,True,#43bff4,236,471,d2_L8_hue245_R.png
8,290,False,#a5aef8,644,471,d2_L8_hue290_N.png
8,290,True,#a5aef8,236,471,d2_L8_hue290_R.png
8,335,False,#e69bd3,644,471,d2_L8_hue335_N.png
8,335,True,#e69bd3,236,471,d2_L8_hue335_R.png
9,20,False,#fa979c,520,257,d2_L9_hue20_N.png
9,20,True,#fa979c,360,257,d2_L9_hue20_R.png
9,65,False,#e4a671,520,257,d2_L9_hue65_N.png
9,65,True,#e4a671,360,257,d2_L9_hue65_R.png
9,110,False,#b2b86d,520,257,d2_L9_hue110_N.png
9,110,True,#b2b86d,360,257,d2_L9_hue110_R.png
9,155,False,#71c493,520,257,d2_L9_hue155_N.png
9,155,True,#71c493,360,257,d2_L9_hue155_R.png
9,200,False,#18c6cb,520,257,d2_L9_hue200_N.png
9,200,True,#18c6cb,360,257,d2_L9_hue200_R.png
9,245,False,#43bff4,520,257,d2_L9_hue245_N.png
9,245,True,#43bff4,360,257,d2_L9_hue245_R.png
9,290,False,#a5aef8,520,257,d2_L9_hue290_N.png
9,290,True,#a5aef8,360,257,d2_L9_hue290_R.png
9,335,False,#e69bd3,520,257,d2_L9_hue335_N.png
9,335,True,#e69bd3,360,257,d2_L9_hue335_R.png
10,20,False,#fa979c,654,334,d2_L10_hue20_N.png
10,20,True,#fa979c,226,334,d2_L10_hue20_R.png
10,65,False,#e4a671,654,334,d2_L10_hue65_N.png
10,65,True,#e4a671,226,334,d2_L10_hue65_R.png
10,110,False,#b2b86d,654,334,d2_L10_hue110_N.png
10,110,True,#b2b86d,226,334,d2_L10_hue110_R.png
10,155,False,#71c493,654,334,d2_L10_hue155_N.png
10,155,True,#71c493,226,334,d2_L10_hue155_R.png
10,200,False,#18c6cb,654,334,d2_L10_hue200_N.png
10,200,True,#18c6cb,226,334,d2_L10_hue200_R.png
10,245,False,#43bff4,654,334,d2_L10_hue245_N.png
10,245,True,#43bff4,226,334,d2_L10_hue245_R.png
10,290,False,#a5aef8,654,334,d2_L10_hue290_N.png
10,290,True,#a5aef8,226,334,d2_L10_hue290_R.png
10,335,False,#e69bd3,654,334,d2_L10_hue335_N.png
10,335,True,#e69bd3,226,334,d2_L10_hue335_R.png
11,20,False,#fa979c,201,506,d2_L11_hue20_N.png
11,20,True,#fa979c,679,506,d2_L11_hue20_R.png
11,65,False,#e4a671,201,506,d2_L11_hue65_N.png
11,65,True,#e4a671,679,506,d2_L11_hue65_R.png
11,110,False,#b2b86d,201,506,d2_L11_hue110_N.png
11,110,True,#b2b86d,679,506,d2_L11_hue110_R.png
11,155,False,#71c493,201,506,d2_L11_hue155_N.png
11,155,True,#71c493,679,506,d2_L11_hue155_R.png
11,200,False,#18c6cb,201,506,d2_L11_hue200_N.png
11,200,True,#18c6cb,679,506,d2_L11_hue200_R.png
11,245,False,#43bff4,201,506,d2_L11_hue245_N.png
11,245,True,#43bff4,679,506,d2_L11_hue245_R.png
11,290,False,#a5aef8,201,506,d2_L11_hue290_N.png
11,290,True,#a5aef8,679,506,d2_L11_hue290_R.png
11,335,False,#e69bd3,201,506,d2_L11_hue335_N.png
11,335,True,#e69bd3,679,506,d2_L11_hue335_R.png
12,20,False,#fa979c,109,491,d2_L12_hue20_N.png
12,20,True,#fa979c,771,491,d2_L12_hue20_R.png
12,65,False,#e4a671,109,491,d2_L12_hue65_N.png
12,65,True,#e4a671,771,491,d2_L12_hue65_R.png
12,110,False,#b2b86d,109,491,d2_L12_hue110_N.png
12,110,True,#b2b86d,771,491,d2_L12_hue110_R.png
12,155,False,#71c493,109,491,d2_L12_hue155_N.png
12,155,True,#71c493,771,491,d2_L12_hue155_R.png
12,200,False,#18c6cb,109,491,d2_L12_hue200_N.png
12,200,True,#18c6cb,771,491,d2_L12_hue200_R.png
12,245,False,#43bff4,109,491,d2_L12_hue245_N.png
12,245,True,#43bff4,771,491,d2_L12_hue245_R.png
12,290,False,#a5aef8,109,491,d2_L12_hue290_N.png
12,290,True,#a5aef8,771,491,d2_L12_hue290_R.png
12,335,False,#e69bd3,109,491,d2_L12_hue335_N.png
12,335,True,#e69bd3,771,491,d2_L12_hue335_R.png
13,20,False,#fa979c,106,251,d2_L13_hue20_N.png
13,20,True,#fa979c,774,251,d2_L13_hue20_R.png
13,65,False,#e4a671,106,251,d2_L13_hue65_N.png
13,65,True,#e4a671,774,251,d2_L13_hue65_R.png
13,110,False,#b2b86d,106,251,d2_L13_hue110_N.png
13,110,True,#b2b86d,774,251,d2_L13_hue110_R.png
13,155,False,#71c493,106,251,d2_L13_hue155_N.png
13,155,True,#71c493,774,251,d2_L13_hue155_R.png
13,200,False,#18c6cb,106,251,d2_L13_hue200_N.png
13,200,True,#18c6cb,774,251,d2_L13_hue200_R.png
13,245,False,#43bff4,106,251,d2_L13_hue245_N.png
13,245,True,#43bff4,774,251,d2_L13_hue245_R.png
13,290,False,#a5aef8,106,251,d2_L13_hue290_N.png
13,290,True,#a5aef8,774,251,d2_L13_hue290_R.png
13,335,False,#e69bd3,106,251,d2_L13_hue335_N.png
13,335,True,#e69bd3,774,251,d2_L13_hue335_R.png
14,20,False,#fa979c,456,154,d2_L14_hue20_N.png
14,20,True,#fa979c,424,154,d2_L14_hue20_R.png
14,65,False,#e4a671,456,154,d2_L14_hue65_N.png
14,65,True,#e4a671,424,154,d2_L14_hue65_R.png
14,110,False,#b2b86d,456,154,d2_L14_hue110_N.png
14,110,True,#b2b86d,424,154,d2_L14_hue110_R.png
14,155,False,#71c493,456,154,d2_L14_hue155_N.png
14,155,True,#71c493,424,154,d2_L14_hue155_R.png
14,200,False,#18c6cb,456,154,d2_L14_hue200_N.png
14,200,True,#18c6cb,424,154,d2_L14_hue200_R.png
14,245,False,#43bff4,456,154,d2_L14_hue245_N.png
14,245,True,#43bff4,424,154,d2_L14_hue245_R.png
14,290,False,#a5aef8,456,154,d2_L14_hue290_N.png
14,290,True,#a5aef8,424,154,d2_L14_hue290_R.png
14,335,False,#e69bd3,456,154,d2_L14_hue335_N.png
14,335,True,#e69bd3,424,154,d2_L14_hue335_R.png
15,20,False,#fa979c,258,322,d2_L15_hue20_N.png
15,20,True,#fa979c,622,322,d2_L15_hue20_R.png
15,65,False,#e4a671,258,322,d2_L15_hue65_N.png
15,65,True,#e4a671,622,322,d2_L15_hue65_R.png
15,110,False,#b2b86d,258,322,d2_L15_hue110_N.png
15,110,True,#b2b86d,622,322,d2_L15_hue110_R.png
15,155,False,#71c493,258,322,d2_L15_hue155_N.png
15,155,True,#71c493,622,322,d2_L15_hue155_R.png
15,200,False,#18c6cb,258,322,d2_L15_hue200_N.png
15,200,True,#18c6cb,622,322,d2_L15_hue200_R.png
15,245,False,#43bff4,258,322,d2_L15_hue245_N.png
15,245,True,#43bff4,622,322,d2_L15_hue245_R.png
15,290,False,#a5aef8,258,322,d2_L15_hue290_N.png
15,290,True,#a5aef8,622,322,d2_L15_hue290_R.png
15,335,False,#e69bd3,258,322,d2_L15_hue335_N.png
15,335,True,#e69bd3,622,322,d2_L15_hue335_R.png
16,20,False,#fa979c,333,58,d2_L16_hue20_N.png
16,20,True,#fa979c,547,58,d2_L16_hue20_R.png
16,65,False,#e4a671,333,58,d2_L16_hue65_N.png
16,65,True,#e4a671,547,58,d2_L16_hue65_R.png
16,110,False,#b2b86d,333,58,d2_L16_hue110_N.png
16,110,True,#b2b86d,547,58,d2_L16_hue110_R.png
16,155,False,#71c493,333,58,d2_L16_hue155_N.png
16,155,True,#71c493,547,58,d2_L16_hue155_R.png
16,200,False,#18c6cb,333,58,d2_L16_hue200_N.png
16,200,True,#18c6cb,547,58,d2_L16_hue200_R.png
16,245,False,#43bff4,333,58,d2_L16_hue245_N.png
16,245,True,#43bff4,547,58,d2_L16_hue245_R.png
16,290,False,#a5aef8,333,58,d2_L16_hue290_N.png
16,290,True,#a5aef8,547,58,d2_L16_hue290_R.png
16,335,False,#e69bd3,333,58,d2_L16_hue335_N.png
16,335,True,#e69bd3,547,58,d2_L16_hue335_R.png
17,20,False,#fa979c,532,454,d2_L17_hue20_N.png
17,20,True,#fa979c,348,454,d2_L17_hue20_R.png
17,65,False,#e4a671,532,454,d2_L17_hue65_N.png
17,65,True,#e4a671,348,454,d2_L17_hue65_R.png
17,110,False,#b2b86d,532,454,d2_L17_hue110_N.png
17,110,True,#b2b86d,348,454,d2_L17_hue110_R.png
17,155,False,#71c493,532,454,d2_L17_hue155_N.png
17,155,True,#71c493,348,454,d2_L17_hue155_R.png
17,200,False,#18c6cb,532,454,d2_L17_hue200_N.png
17,200,True,#18c6cb,348,454,d2_L17_hue200_R.png
17,245,False,#43bff4,532,454,d2_L17_hue245_N.png
17,245,True,#43bff4,348,454,d2_L17_hue245_R.png
17,290,False,#a5aef8,532,454,d2_L17_hue290_N.png
17,290,True,#a5aef8,348,454,d2_L17_hue290_R.png
17,335,False,#e69bd3,532,454,d2_L17_hue335_N.png
17,335,True,#e69bd3,348,454,d2_L17_hue335_R.png
18,20,False,#fa979c,470,405,d2_L18_hue20_N.png
18,20,True,#fa979c,410,405,d2_L18_hue20_R.png
18,65,False,#e4a671,470,405,d2_L18_hue65_N.png
18,65,True,#e4a671,410,405,d2_L18_hue65_R.png
18,110,False,#b2b86d,470,405,d2_L18_hue110_N.png
18,110,True,#b2b86d,410,405,d2_L18_hue110_R.png
18,155,False,#71c493,470,405,d2_L18_hue155_N.png
18,155,True,#71c493,410,405,d2_L18_hue155_R.png
18,200,False,#18c6cb,470,405,d2_L18_hue200_N.png
18,200,True,#18c6cb,410,405,d2_L18_hue200_R.png
18,245,False,#43bff4,470,405,d2_L18_hue245_N.png
18,245,True,#43bff4,410,405,d2_L18_hue245_R.png
18,290,False,#a5aef8,470,405,d2_L18_hue290_N.png
18,290,True,#a5aef8,410,405,d2_L18_hue290_R.png
18,335,False,#e69bd3,470,405,d2_L18_hue335_N.png
18,335,True,#e69bd3,410,405,d2_L18_hue335_R.png
19,20,False,#fa979c,707,494,d2_L19_hue20_N.png
19,20,True,#fa979c,173,494,d2_L19_hue20_R.png
19,65,False,#e4a671,707,494,d2_L19_hue65_N.png
19,65,True,#e4a671,173,494,d2_L19_hue65_R.png
19,110,False,#b2b86d,707,494,d2_L19_hue110_N.png
19,110,True,#b2b86d,173,494,d2_L19_hue110_R.png
19,155,False,#71c493,707,494,d2_L19_hue155_N.png
19,155,True,#71c493,173,494,d2_L19_hue155_R.png
19,200,False,#18c6cb,707,494,d2_L19_hue200_N.png
19,200,True,#18c6cb,173,494,d2_L19_hue200_R.png
19,245,False,#43bff4,707,494,d2_L19_hue245_N.png
19,245,True,#43bff4,173,494,d2_L19_hue245_R.png
19,290,False,#a5aef8,707,494,d2_L19_hue290_N.png
19,290,True,#a5aef8,173,494,d2_L19_hue290_R.png
19,335,False,#e69bd3,707,494,d2_L19_hue335_N.png
19,335,True,#e69bd3,173,494,d2_L19_hue335_R.png
