file,layout,hue,flip,true_x,true_y,pred_x,pred_y,err,dx,dy,box_in,fail,raw
d2v2_L0_h20_N.png,0,20,False,562,521,561,520,1.5,-0.6,-1.4,1,0,"```json
{""x"": 638, ""y"": 866}
```"
d2v2_L0_h20_M.png,0,20,True,318,521,318,520,1.4,-0.3,-1.4,1,0,"{""x"": 361, ""y"": 866}"
d2v2_L0_h65_N.png,0,65,False,562,521,561,520,1.0,-0.6,-0.8,1,0,"```json
{""x"": 638, ""y"": 867}
```"
d2v2_L0_h65_M.png,0,65,True,318,521,318,520,1.4,-0.3,-1.4,1,0,"```json
{""x"": 361, ""y"": 866}
```"
d2v2_L0_h110_N.png,0,110,False,562,521,561,521,0.6,-0.6,-0.2,1,0,"```json
{""x"": 638, ""y"": 868}
```"
d2v2_L0_h110_M.png,0,110,True,318,521,318,520,0.9,-0.3,-0.8,1,0,"```json
{""x"": 361, ""y"": 867}
```"
d2v2_L0_h155_N.png,0,155,False,562,521,561,521,0.6,-0.6,-0.2,1,0,"```json
{""x"": 638, ""y"": 868}
```"
d2v2_L0_h155_M.png,0,155,True,318,521,318,520,1.4,-0.3,-1.4,1,0,"```json
{""x"": 361, ""y"": 866}
```"
d2v2_L0_h200_N.png,0,200,False,562,521,562,521,0.4,0.3,-0.2,1,0,"```json
{""x"": 639, ""y"": 868}
```"
d2v2_L0_h200_M.png,0,200,True,318,521,318,520,1.4,-0.3,-1.4,1,0,"```json
{""x"": 361, ""y"": 866}
```"
d2v2_L0_h245_N.png,0,245,False,562,521,561,520,1.5,-0.6,-1.4,1,0,"```json
{""x"": 638, ""y"": 866}
```"
d2v2_L0_h245_M.png,0,245,True,318,521,318,520,1.4,-0.3,-1.4,1,0,"```json
{""x"": 361, ""y"": 866}
```"
d2v2_L0_h290_N.png,0,290,False,562,521,562,520,1.4,0.3,-1.4,1,0,"```json
{""x"": 639, ""y"": 866}
```"
d2v2_L0_h290_M.png,0,290,True,318,521,318,520,1.4,-0.3,-1.4,1,0,"```json
{""x"": 361, ""y"": 866}
```"
d2v2_L0_h335_N.png,0,335,False,562,521,561,520,1.5,-0.6,-1.4,1,0,"```json
{""x"": 638, ""y"": 866}
```"
d2v2_L0_h335_M.png,0,335,True,318,521,318,520,0.9,-0.3,-0.8,1,0,"```json
{""x"": 361, ""y"": 867}
```"
d2v2_L1_h20_N.png,1,20,False,744,331,744,331,0.6,0.5,-0.4,1,0,"```json
{""x"": 846, ""y"": 551}
```"
d2v2_L1_h20_M.png,1,20,True,136,331,136,331,0.6,0.4,-0.4,1,0,"```json
{""x"": 155, ""y"": 551}
```"
d2v2_L1_h65_N.png,1,65,False,744,331,744,331,0.6,0.5,-0.4,1,0,"```json
{""x"": 846, ""y"": 551}
```"
d2v2_L1_h65_M.png,1,65,True,136,331,136,331,0.6,0.4,-0.4,1,0,"```json
{""x"": 155, ""y"": 551}
```"
d2v2_L1_h110_N.png,1,110,False,744,331,744,331,0.6,0.5,-0.4,1,0,"```json
{""x"": 846, ""y"": 551}
```"
d2v2_L1_h110_M.png,1,110,True,136,331,136,331,0.6,0.4,-0.4,1,0,"```json
{""x"": 155, ""y"": 551}
```"
d2v2_L1_h155_N.png,1,155,False,744,331,744,331,0.6,0.5,-0.4,1,0,"```json
{""x"": 846, ""y"": 551}
```"
d2v2_L1_h155_M.png,1,155,True,136,331,136,331,0.6,0.4,-0.4,1,0,"```json
{""x"": 155, ""y"": 551}
```"
d2v2_L1_h200_N.png,1,200,False,744,331,744,331,0.6,0.5,-0.4,1,0,"```json
{""x"": 846, ""y"": 551}
```"
d2v2_L1_h200_M.png,1,200,True,136,331,136,331,0.6,0.4,-0.4,1,0,"```json
{""x"": 155, ""y"": 551}
```"
d2v2_L1_h245_N.png,1,245,False,744,331,744,331,0.6,0.5,-0.4,1,0,"```json
{""x"": 846, ""y"": 551}
```"
d2v2_L1_h245_M.png,1,245,True,136,331,136,331,0.6,0.4,-0.4,1,0,"```json
{""x"": 155, ""y"": 551}
```"
d2v2_L1_h290_N.png,1,290,False,744,331,744,331,0.6,-0.4,-0.4,1,0,"```json
{""x"": 845, ""y"": 551}
```"
d2v2_L1_h290_M.png,1,290,True,136,331,136,331,0.6,0.4,-0.4,1,0,"```json
{""x"": 155, ""y"": 551}
```"
d2v2_L1_h335_N.png,1,335,False,744,331,744,331,0.6,0.5,-0.4,1,0,"```json
{""x"": 846, ""y"": 551}
```"
d2v2_L1_h335_M.png,1,335,True,136,331,136,331,0.6,0.4,-0.4,1,0,"```json
{""x"": 155, ""y"": 551}
```"
d2v2_L2_h20_N.png,2,20,False,607,414,607,413,0.6,0.2,-0.6,1,0,"```json
{""x"": 690, ""y"": 689}
```"
d2v2_L2_h20_M.png,2,20,True,273,414,273,414,0.2,-0.2,-0.0,1,0,"```json
{""x"": 310, ""y"": 690}
```"
d2v2_L2_h65_N.png,2,65,False,607,414,607,413,0.6,0.2,-0.6,1,0,"```json
{""x"": 690, ""y"": 689}
```"
d2v2_L2_h65_M.png,2,65,True,273,414,273,413,0.6,-0.2,-0.6,1,0,"```json
{""x"": 310, ""y"": 689}
```"
d2v2_L2_h110_N.png,2,110,False,607,414,607,414,0.2,0.2,-0.0,1,0,"```json
{""x"": 690, ""y"": 690}
```"
d2v2_L2_h110_M.png,2,110,True,273,414,273,415,0.6,-0.2,0.6,1,0,"```json
{""x"": 310, ""y"": 691}
```"
d2v2_L2_h155_N.png,2,155,False,607,414,607,414,0.2,0.2,-0.0,1,0,"```json
{""x"": 690, ""y"": 690}
```"
d2v2_L2_h155_M.png,2,155,True,273,414,273,414,0.2,-0.2,-0.0,1,0,"```json
{""x"": 310, ""y"": 690}
```"
d2v2_L2_h200_N.png,2,200,False,607,414,607,414,0.2,0.2,-0.0,1,0,"```json
{""x"": 690, ""y"": 690}
```"
d2v2_L2_h200_M.png,2,200,True,273,414,273,414,0.2,-0.2,-0.0,1,0,"```json
{""x"": 310, ""y"": 690}
```"
d2v2_L2_h245_N.png,2,245,False,607,414,607,415,0.6,0.2,0.6,1,0,"```json
{""x"": 690, ""y"": 691}
```"
d2v2_L2_h245_M.png,2,245,True,273,414,273,415,0.6,-0.2,0.6,1,0,"```json
{""x"": 310, ""y"": 691}
```"
d2v2_L2_h290_N.png,2,290,False,607,414,607,414,0.2,0.2,-0.0,1,0,"```json
{""x"": 690, ""y"": 690}
```"
d2v2_L2_h290_M.png,2,290,True,273,414,273,414,0.2,-0.2,-0.0,1,0,"```json
{""x"": 310, ""y"": 690}
```"
d2v2_L2_h335_N.png,2,335,False,607,414,607,413,0.6,0.2,-0.6,1,0,"```json
{""x"": 690, ""y"": 689}
```"
d2v2_L2_h335_M.png,2,335,True,273,414,273,413,0.6,-0.2,-0.6,1,0,"```json
{""x"": 310, ""y"": 689}
```"
d2v2_L3_h20_N.png,3,20,False,265,197,266,197,0.8,0.8,-0.2,1,0,"```json
{""x"": 302, ""y"": 328}
```"
d2v2_L3_h20_M.png,3,20,True,615,197,614,197,0.8,-0.8,-0.2,1,0,"```json
{""x"": 698, ""y"": 328}
```"
d2v2_L3_h65_N.png,3,65,False,265,197,266,197,0.8,0.8,-0.2,1,0,"```json
{""x"": 302, ""y"": 328}
```"
d2v2_L3_h65_M.png,3,65,True,615,197,615,197,0.2,0.1,-0.2,1,0,"```json
{""x"": 699, ""y"": 328}
```"
d2v2_L3_h110_N.png,3,110,False,265,197,266,197,0.8,0.8,-0.2,1,0,"```json
{""x"": 302, ""y"": 328}
```"
d2v2_L3_h110_M.png,3,110,True,615,197,615,197,0.2,0.1,-0.2,1,0,"```json
{""x"": 699, ""y"": 328}
```"
d2v2_L3_h155_N.png,3,155,False,265,197,266,197,0.8,0.8,-0.2,1,0,"```json
{""x"": 302, ""y"": 328}
```"
d2v2_L3_h155_M.png,3,155,True,615,197,615,197,0.2,0.1,-0.2,1,0,"```json
{""x"": 699, ""y"": 328}
```"
d2v2_L3_h200_N.png,3,200,False,265,197,266,197,0.8,0.8,-0.2,1,0,"```json
{""x"": 302, ""y"": 328}
```"
d2v2_L3_h200_M.png,3,200,True,615,197,615,197,0.2,0.1,-0.2,1,0,"```json
{""x"": 699, ""y"": 328}
```"
d2v2_L3_h245_N.png,3,245,False,265,197,266,197,0.8,0.8,-0.2,1,0,"```json
{""x"": 302, ""y"": 328}
```"
d2v2_L3_h245_M.png,3,245,True,615,197,615,197,0.2,0.1,-0.2,1,0,"```json
{""x"": 699, ""y"": 328}
```"
d2v2_L3_h290_N.png,3,290,False,265,197,266,197,0.8,0.8,-0.2,1,0,"```json
{""x"": 302, ""y"": 328}
```"
d2v2_L3_h290_M.png,3,290,True,615,197,614,197,0.8,-0.8,-0.2,1,0,"```json
{""x"": 698, ""y"": 328}
```"
d2v2_L3_h335_N.png,3,335,False,265,197,266,197,0.8,0.8,-0.2,1,0,"```json
{""x"": 302, ""y"": 328}
```"
d2v2_L3_h335_M.png,3,335,True,615,197,615,197,0.2,0.1,-0.2,1,0,"```json
{""x"": 699, ""y"": 328}
```"
d2v2_L4_h20_N.png,4,20,False,564,417,565,416,1.1,1.0,-0.6,1,0,"```json
{""x"": 642, ""y"": 694}
```"
d2v2_L4_h20_M.png,4,20,True,316,417,316,417,0.1,-0.1,-0.0,1,0,"```json
{""x"": 359, ""y"": 695}
```"
d2v2_L4_h65_N.png,4,65,False,564,417,564,417,0.1,0.1,-0.0,1,0,"```json
{""x"": 641, ""y"": 695}
```"
d2v2_L4_h65_M.png,4,65,True,316,417,316,417,0.1,-0.1,-0.0,1,0,"```json
{""x"": 359, ""y"": 695}
```"
d2v2_L4_h110_N.png,4,110,False,564,417,564,417,0.1,0.1,-0.0,1,0,"```json
{""x"": 641, ""y"": 695}
```"
d2v2_L4_h110_M.png,4,110,True,316,417,316,416,0.6,-0.1,-0.6,1,0,"{""x"": 359, ""y"": 694}"
d2v2_L4_h155_N.png,4,155,False,564,417,564,416,0.6,0.1,-0.6,1,0,"{""x"": 641, ""y"": 694}"
d2v2_L4_h155_M.png,4,155,True,316,417,316,417,0.1,-0.1,-0.0,1,0,"```json
{""x"": 359, ""y"": 695}
```"
d2v2_L4_h200_N.png,4,200,False,564,417,564,417,0.1,0.1,-0.0,1,0,"```json
{""x"": 641, ""y"": 695}
```"
d2v2_L4_h200_M.png,4,200,True,316,417,315,416,1.1,-1.0,-0.6,1,0,"{""x"": 358, ""y"": 694}"
d2v2_L4_h245_N.png,4,245,False,564,417,564,417,0.1,0.1,-0.0,1,0,"```json
{""x"": 641, ""y"": 695}
```"
d2v2_L4_h245_M.png,4,245,True,316,417,316,417,0.1,-0.1,-0.0,1,0,"```json
{""x"": 359, ""y"": 695}
```"
d2v2_L4_h290_N.png,4,290,False,564,417,564,417,0.1,0.1,-0.0,1,0,"```json
{""x"": 641, ""y"": 695}
```"
d2v2_L4_h290_M.png,4,290,True,316,417,316,417,0.1,-0.1,-0.0,1,0,"```json
{""x"": 359, ""y"": 695}
```"
d2v2_L4_h335_N.png,4,335,False,564,417,564,417,0.1,0.1,-0.0,1,0,"```json
{""x"": 641, ""y"": 695}
```"
d2v2_L4_h335_M.png,4,335,True,316,417,316,417,0.1,-0.1,-0.0,1,0,"```json
{""x"": 359, ""y"": 695}
```"
d2v2_L5_h20_N.png,5,20,False,243,305,243,305,0.4,-0.1,0.4,1,0,"```json
{""x"": 276, ""y"": 509}
```"
d2v2_L5_h20_M.png,5,20,True,637,305,637,305,0.2,0.1,-0.2,1,0,"```json
{""x"": 724, ""y"": 508}
```"
d2v2_L5_h65_N.png,5,65,False,243,305,244,306,1.3,0.8,1.0,1,0,"```json
{""x"": 277, ""y"": 510}
```"
d2v2_L5_h65_M.png,5,65,True,637,305,637,305,0.4,0.1,0.4,1,0,"```json
{""x"": 724, ""y"": 509}
```"
d2v2_L5_h110_N.png,5,110,False,243,305,244,305,0.8,0.8,-0.2,1,0,"```json
{""x"": 277, ""y"": 508}
```"
d2v2_L5_h110_M.png,5,110,True,637,305,637,305,0.2,0.1,-0.2,1,0,"```json
{""x"": 724, ""y"": 508}
```"
d2v2_L5_h155_N.png,5,155,False,243,305,244,305,0.9,0.8,0.4,1,0,"```json
{""x"": 277, ""y"": 509}
```"
d2v2_L5_h155_M.png,5,155,True,637,305,637,305,0.4,0.1,0.4,1,0,"```json
{""x"": 724, ""y"": 509}
```"
d2v2_L5_h200_N.png,5,200,False,243,305,244,305,0.9,0.8,0.4,1,0,"{""x"": 277, ""y"": 509}"
d2v2_L5_h200_M.png,5,200,True,637,305,637,305,0.4,0.1,0.4,1,0,"```json
{""x"": 724, ""y"": 509}
```"
d2v2_L5_h245_N.png,5,245,False,243,305,243,305,0.4,-0.1,0.4,1,0,"```json
{""x"": 276, ""y"": 509}
```"
d2v2_L5_h245_M.png,5,245,True,637,305,637,305,0.4,0.1,0.4,1,0,"```json
{""x"": 724, ""y"": 509}
```"
d2v2_L5_h290_N.png,5,290,False,243,305,243,305,0.4,-0.1,0.4,1,0,"```json
{""x"": 276, ""y"": 509}
```"
d2v2_L5_h290_M.png,5,290,True,637,305,637,306,1.0,0.1,1.0,1,0,"```json
{""x"": 724, ""y"": 510}
```"
d2v2_L5_h335_N.png,5,335,False,243,305,244,305,0.9,0.8,0.4,1,0,"```json
{""x"": 277, ""y"": 509}
```"
d2v2_L5_h335_M.png,5,335,True,637,305,637,305,0.4,0.1,0.4,1,0,"```json
{""x"": 724, ""y"": 509}
```"
d2v2_L6_h20_N.png,6,20,False,592,316,592,316,0.3,0.2,0.2,1,0,"```json
{""x"": 673, ""y"": 527}
```"
d2v2_L6_h20_M.png,6,20,True,288,316,289,316,0.8,0.6,-0.4,1,0,"```json
{""x"": 328, ""y"": 526}
```"
d2v2_L6_h65_N.png,6,65,False,592,316,592,316,0.3,0.2,0.2,1,0,"```json
{""x"": 673, ""y"": 527}
```"
d2v2_L6_h65_M.png,6,65,True,288,316,289,316,0.8,0.6,-0.4,1,0,"```json
{""x"": 328, ""y"": 526}
```"
d2v2_L6_h110_N.png,6,110,False,592,316,592,316,0.3,0.2,0.2,1,0,"```json
{""x"": 673, ""y"": 527}
```"
d2v2_L6_h110_M.png,6,110,True,288,316,289,316,0.7,0.6,0.2,1,0,"```json
{""x"": 328, ""y"": 527}
```"
d2v2_L6_h155_N.png,6,155,False,592,316,592,316,0.5,0.2,-0.4,1,0,"```json
{""x"": 673, ""y"": 526}
```"
d2v2_L6_h155_M.png,6,155,True,288,316,289,316,0.8,0.6,-0.4,1,0,"```json
{""x"": 328, ""y"": 526}
```"
d2v2_L6_h200_N.png,6,200,False,592,316,592,316,0.5,0.2,-0.4,1,0,"```json
{""x"": 673, ""y"": 526}
```"
d2v2_L6_h200_M.png,6,200,True,288,316,289,316,0.7,0.6,0.2,1,0,"```json
{""x"": 328, ""y"": 527}
```"
d2v2_L6_h245_N.png,6,245,False,592,316,592,316,0.5,0.2,-0.4,1,0,"```json
{""x"": 673, ""y"": 526}
```"
d2v2_L6_h245_M.png,6,245,True,288,316,289,316,0.7,0.6,0.2,1,0,"```json
{""x"": 328, ""y"": 527}
```"
d2v2_L6_h290_N.png,6,290,False,592,316,592,316,0.3,0.2,0.2,1,0,"```json
{""x"": 673, ""y"": 527}
```"
d2v2_L6_h290_M.png,6,290,True,288,316,289,316,0.7,0.6,0.2,1,0,"```json
{""x"": 328, ""y"": 527}
```"
d2v2_L6_h335_N.png,6,335,False,592,316,592,316,0.3,0.2,0.2,1,0,"```json
{""x"": 673, ""y"": 527}
```"
d2v2_L6_h335_M.png,6,335,True,288,316,289,317,1.0,0.6,0.8,1,0,"{""x"": 328, ""y"": 528}"
d2v2_L7_h20_N.png,7,20,False,583,188,583,188,0.5,-0.4,-0.2,1,0,"```json
{""x"": 662, ""y"": 313}
```"
d2v2_L7_h20_M.png,7,20,True,297,188,297,185,3.2,-0.4,-3.2,1,0,"```json
{""x"": 337, ""y"": 308}
```"
d2v2_L7_h65_N.png,7,65,False,583,188,583,188,0.6,-0.4,0.4,1,0,"```json
{""x"": 662, ""y"": 314}
```"
d2v2_L7_h65_M.png,7,65,True,297,188,297,188,0.6,0.4,0.4,1,0,"{""x"": 338, ""y"": 314}"
d2v2_L7_h110_N.png,7,110,False,583,188,582,185,3.5,-1.3,-3.2,1,0,"```json
{""x"": 661, ""y"": 308}
```"
d2v2_L7_h110_M.png,7,110,True,297,188,297,185,3.2,0.4,-3.2,1,0,"```json
{""x"": 338, ""y"": 308}
```"
d2v2_L7_h155_N.png,7,155,False,583,188,583,188,0.6,-0.4,0.4,1,0,"```json
{""x"": 662, ""y"": 314}
```"
d2v2_L7_h155_M.png,7,155,True,297,188,297,189,1.1,-0.4,1.0,1,0,"```json
{""x"": 337, ""y"": 315}
```"
d2v2_L7_h200_N.png,7,200,False,583,188,580,188,3.1,-3.1,-0.2,1,0,"```json
{""x"": 659, ""y"": 313}
```"
d2v2_L7_h200_M.png,7,200,True,297,188,297,185,3.2,0.4,-3.2,1,0,"```json
{""x"": 338, ""y"": 308}
```"
d2v2_L7_h245_N.png,7,245,False,583,188,583,188,0.6,-0.4,0.4,1,0,"```json
{""x"": 662, ""y"": 314}
```"
d2v2_L7_h245_M.png,7,245,True,297,188,297,188,0.6,-0.4,0.4,1,0,"```json
{""x"": 337, ""y"": 314}
```"
d2v2_L7_h290_N.png,7,290,False,583,188,583,188,0.6,-0.4,0.4,1,0,"```json
{""x"": 662, ""y"": 314}
```"
d2v2_L7_h290_M.png,7,290,True,297,188,296,188,1.4,-1.3,0.4,1,0,"{""x"": 336, ""y"": 314}"
d2v2_L7_h335_N.png,7,335,False,583,188,583,188,0.6,-0.4,0.4,1,0,"```json
{""x"": 662, ""y"": 314}
```"
d2v2_L7_h335_M.png,7,335,True,297,188,297,185,3.2,0.4,-3.2,1,0,"```json
{""x"": 338, ""y"": 308}
```"
d2v2_L8_h20_N.png,8,20,False,644,471,644,471,0.2,0.2,0.0,1,0,"```json
{""x"": 732, ""y"": 785}
```"
d2v2_L8_h20_M.png,8,20,True,236,471,236,470,0.6,-0.2,-0.6,1,0,"```json
{""x"": 268, ""y"": 784}
```"
d2v2_L8_h65_N.png,8,65,False,644,471,644,471,0.2,0.2,0.0,1,0,"```json
{""x"": 732, ""y"": 785}
```"
d2v2_L8_h65_M.png,8,65,True,236,471,236,470,0.6,-0.2,-0.6,1,0,"```json
{""x"": 268, ""y"": 784}
```"
d2v2_L8_h110_N.png,8,110,False,644,471,643,470,1.4,-0.7,-1.2,1,0,"```json
{""x"": 731, ""y"": 783}
```"
d2v2_L8_h110_M.png,8,110,True,236,471,236,472,0.6,-0.2,0.6,1,0,"```json
{""x"": 268, ""y"": 786}
```"
d2v2_L8_h155_N.png,8,155,False,644,471,644,471,0.2,0.2,0.0,1,0,"```json
{""x"": 732, ""y"": 785}
```"
d2v2_L8_h155_M.png,8,155,True,236,471,236,472,0.6,-0.2,0.6,1,0,"```json
{""x"": 268, ""y"": 786}
```"
d2v2_L8_h200_N.png,8,200,False,644,471,644,471,0.2,0.2,0.0,1,0,"```json
{""x"": 732, ""y"": 785}
```"
d2v2_L8_h200_M.png,8,200,True,236,471,236,472,0.6,-0.2,0.6,1,0,"```json
{""x"": 268, ""y"": 786}
```"
d2v2_L8_h245_N.png,8,245,False,644,471,644,471,0.2,0.2,0.0,1,0,"```json
{""x"": 732, ""y"": 785}
```"
d2v2_L8_h245_M.png,8,245,True,236,471,236,472,0.6,-0.2,0.6,1,0,"```json
{""x"": 268, ""y"": 786}
```"
d2v2_L8_h290_N.png,8,290,False,644,471,644,472,0.6,0.2,0.6,1,0,"```json
{""x"": 732, ""y"": 786}
```"
d2v2_L8_h290_M.png,8,290,True,236,471,236,472,0.6,-0.2,0.6,1,0,"```json
{""x"": 268, ""y"": 786}
```"
d2v2_L8_h335_N.png,8,335,False,644,471,644,471,0.2,0.2,0.0,1,0,"```json
{""x"": 732, ""y"": 785}
```"
d2v2_L8_h335_M.png,8,335,True,236,471,236,471,0.2,-0.2,0.0,1,0,"```json
{""x"": 268, ""y"": 785}
```"
d2v2_L9_h20_N.png,9,20,False,520,257,524,256,3.7,3.6,-0.8,1,0,"```json
{""x"": 595, ""y"": 427}
```"
d2v2_L9_h20_M.png,9,20,True,360,257,360,257,0.2,-0.1,-0.2,1,0,"```json
{""x"": 409, ""y"": 428}
```"
d2v2_L9_h65_N.png,9,65,False,520,257,522,256,2.0,1.8,-0.8,1,0,"```json
{""x"": 593, ""y"": 427}
```"
d2v2_L9_h65_M.png,9,65,True,360,257,360,257,0.2,-0.1,-0.2,1,0,"```json
{""x"": 409, ""y"": 428}
```"
d2v2_L9_h110_N.png,9,110,False,520,257,520,257,0.4,0.1,0.4,1,0,"```json
{""x"": 591, ""y"": 429}
```"
d2v2_L9_h110_M.png,9,110,True,360,257,360,257,0.4,-0.1,0.4,1,0,"```json
{""x"": 409, ""y"": 429}
```"
d2v2_L9_h155_N.png,9,155,False,520,257,520,257,0.4,0.1,0.4,1,0,"```json
{""x"": 591, ""y"": 429}
```"
d2v2_L9_h155_M.png,9,155,True,360,257,359,256,1.2,-1.0,-0.8,1,0,"```json
{""x"": 408, ""y"": 427}
```"
d2v2_L9_h200_N.png,9,200,False,520,257,520,257,0.4,0.1,0.4,1,0,"```json
{""x"": 591, ""y"": 429}
```"
d2v2_L9_h200_M.png,9,200,True,360,257,360,257,0.4,-0.1,0.4,1,0,"```json
{""x"": 409, ""y"": 429}
```"
d2v2_L9_h245_N.png,9,245,False,520,257,520,257,0.4,0.1,0.4,1,0,"```json
{""x"": 591, ""y"": 429}
```"
d2v2_L9_h245_M.png,9,245,True,360,257,360,257,0.4,-0.1,0.4,1,0,"```json
{""x"": 409, ""y"": 429}
```"
d2v2_L9_h290_N.png,9,290,False,520,257,520,257,0.4,0.1,0.4,1,0,"```json
{""x"": 591, ""y"": 429}
```"
d2v2_L9_h290_M.png,9,290,True,360,257,360,257,0.4,-0.1,0.4,1,0,"```json
{""x"": 409, ""y"": 429}
```"
d2v2_L9_h335_N.png,9,335,False,520,257,520,257,0.4,0.1,0.4,1,0,"```json
{""x"": 591, ""y"": 429}
```"
d2v2_L9_h335_M.png,9,335,True,360,257,360,257,0.4,-0.1,0.4,1,0,"```json
{""x"": 409, ""y"": 429}
```"
d2v2_L10_h20_N.png,10,20,False,654,334,654,334,0.3,-0.2,0.2,1,0,"```json
{""x"": 743, ""y"": 557}
```"
d2v2_L10_h20_M.png,10,20,True,226,334,226,334,0.3,0.2,0.2,1,0,"```json
{""x"": 257, ""y"": 557}
```"
d2v2_L10_h65_N.png,10,65,False,654,334,655,334,0.7,0.7,0.2,1,0,"```json
{""x"": 744, ""y"": 557}
```"
d2v2_L10_h65_M.png,10,65,True,226,334,226,334,0.4,0.2,-0.4,1,0,"```json
{""x"": 257, ""y"": 556}
```"
d2v2_L10_h110_N.png,10,110,False,654,334,654,335,1.4,-0.2,1.4,1,0,"{""x"": 743, ""y"": 559}"
d2v2_L10_h110_M.png,10,110,True,226,334,226,334,0.3,0.2,0.2,1,0,"```json
{""x"": 257, ""y"": 557}
```"
d2v2_L10_h155_N.png,10,155,False,654,334,654,335,0.8,-0.2,0.8,1,0,"```json
{""x"": 743, ""y"": 558}
```"
d2v2_L10_h155_M.png,10,155,True,226,334,226,334,0.3,0.2,0.2,1,0,"```json
{""x"": 257, ""y"": 557}
```"
d2v2_L10_h200_N.png,10,200,False,654,334,654,334,0.3,-0.2,0.2,1,0,"```json
{""x"": 743, ""y"": 557}
```"
d2v2_L10_h200_M.png,10,200,True,226,334,226,334,0.3,0.2,0.2,1,0,"```json
{""x"": 257, ""y"": 557}
```"
d2v2_L10_h245_N.png,10,245,False,654,334,654,334,0.3,-0.2,0.2,1,0,"```json
{""x"": 743, ""y"": 557}
```"
d2v2_L10_h245_M.png,10,245,True,226,334,226,334,0.4,0.2,-0.4,1,0,"```json
{""x"": 257, ""y"": 556}
```"
d2v2_L10_h290_N.png,10,290,False,654,334,654,335,0.8,-0.2,0.8,1,0,"```json
{""x"": 743, ""y"": 558}
```"
d2v2_L10_h290_M.png,10,290,True,226,334,226,334,0.3,0.2,0.2,1,0,"```json
{""x"": 257, ""y"": 557}
```"
d2v2_L10_h335_N.png,10,335,False,654,334,654,334,0.3,-0.2,0.2,1,0,"```json
{""x"": 743, ""y"": 557}
```"
d2v2_L10_h335_M.png,10,335,True,226,334,226,334,0.3,0.2,0.2,1,0,"```json
{""x"": 257, ""y"": 557}
```"
d2v2_L11_h20_N.png,11,20,False,201,506,201,506,0.4,-0.4,-0.2,1,0,"```json
{""x"": 228, ""y"": 843}
```"
d2v2_L11_h20_M.png,11,20,True,679,506,679,506,0.4,0.4,-0.2,1,0,"```json
{""x"": 772, ""y"": 843}
```"
d2v2_L11_h65_N.png,11,65,False,201,506,202,506,0.6,0.5,-0.2,1,0,"```json
{""x"": 229, ""y"": 843}
```"
d2v2_L11_h65_M.png,11,65,True,679,506,678,506,0.6,-0.5,-0.2,1,0,"```json
{""x"": 771, ""y"": 843}
```"
d2v2_L11_h110_N.png,11,110,False,201,506,201,506,0.4,-0.4,-0.2,1,0,"```json
{""x"": 228, ""y"": 843}
```"
d2v2_L11_h110_M.png,11,110,True,679,506,679,506,0.4,0.4,-0.2,1,0,"```json
{""x"": 772, ""y"": 843}
```"
d2v2_L11_h155_N.png,11,155,False,201,506,201,505,1.4,-0.4,-1.4,1,0,"```json
{""x"": 228, ""y"": 841}
```"
d2v2_L11_h155_M.png,11,155,True,679,506,678,506,0.6,-0.5,-0.2,1,0,"{""x"": 771, ""y"": 843}"
d2v2_L11_h200_N.png,11,200,False,201,506,201,506,0.4,-0.4,-0.2,1,0,"```json
{""x"": 228, ""y"": 843}
```"
d2v2_L11_h200_M.png,11,200,True,679,506,679,506,0.4,0.4,-0.2,1,0,"```json
{""x"": 772, ""y"": 843}
```"
d2v2_L11_h245_N.png,11,245,False,201,506,201,506,0.4,-0.4,-0.2,1,0,"```json
{""x"": 228, ""y"": 843}
```"
d2v2_L11_h245_M.png,11,245,True,679,506,679,506,0.4,0.4,-0.2,1,0,"```json
{""x"": 772, ""y"": 843}
```"
d2v2_L11_h290_N.png,11,290,False,201,506,201,506,0.4,-0.4,-0.2,1,0,"```json
{""x"": 228, ""y"": 843}
```"
d2v2_L11_h290_M.png,11,290,True,679,506,679,506,0.5,0.4,0.4,1,0,"```json
{""x"": 772, ""y"": 844}
```"
d2v2_L11_h335_N.png,11,335,False,201,506,201,506,0.4,-0.4,-0.2,1,0,"```json
{""x"": 228, ""y"": 843}
```"
d2v2_L11_h335_M.png,11,335,True,679,506,679,506,0.4,0.4,-0.2,1,0,"```json
{""x"": 772, ""y"": 843}
```"
d2v2_L12_h20_N.png,12,20,False,109,491,109,491,0.2,0.1,-0.2,1,0,"```json
{""x"": 124, ""y"": 818}
```"
d2v2_L12_h20_M.png,12,20,True,771,491,771,491,0.2,-0.1,-0.2,1,0,"{""x"": 876, ""y"": 818}"
d2v2_L12_h65_N.png,12,65,False,109,491,109,491,0.2,0.1,-0.2,1,0,"```json
{""x"": 124, ""y"": 818}
```"
d2v2_L12_h65_M.png,12,65,True,771,491,770,490,1.7,-1.0,-1.4,1,0,"```json
{""x"": 875, ""y"": 816}
```"
d2v2_L12_h110_N.png,12,110,False,109,491,109,491,0.2,0.1,-0.2,1,0,"```json
{""x"": 124, ""y"": 818}
```"
d2v2_L12_h110_M.png,12,110,True,771,491,770,491,1.0,-1.0,-0.2,1,0,"```json
{""x"": 875, ""y"": 818}
```"
d2v2_L12_h155_N.png,12,155,False,109,491,109,491,0.2,0.1,-0.2,1,0,"```json
{""x"": 124, ""y"": 818}
```"
d2v2_L12_h155_M.png,12,155,True,771,491,771,490,1.4,-0.1,-1.4,1,0,"```json
{""x"": 876, ""y"": 816}
```"
d2v2_L12_h200_N.png,12,200,False,109,491,109,491,0.2,0.1,-0.2,1,0,"```json
{""x"": 124, ""y"": 818}
```"
d2v2_L12_h200_M.png,12,200,True,771,491,772,491,0.9,0.8,0.4,1,0,"```json
{""x"": 877, ""y"": 819}
```"
d2v2_L12_h245_N.png,12,245,False,109,491,109,491,0.2,0.1,-0.2,1,0,"```json
{""x"": 124, ""y"": 818}
```"
d2v2_L12_h245_M.png,12,245,True,771,491,771,491,0.2,-0.1,-0.2,1,0,"```json
{""x"": 876, ""y"": 818}
```"
d2v2_L12_h290_N.png,12,290,False,109,491,109,491,0.2,0.1,-0.2,1,0,"```json
{""x"": 124, ""y"": 818}
```"
d2v2_L12_h290_M.png,12,290,True,771,491,771,491,0.2,-0.1,-0.2,1,0,"```json
{""x"": 876, ""y"": 818}
```"
d2v2_L12_h335_N.png,12,335,False,109,491,109,491,0.2,0.1,-0.2,1,0,"```json
{""x"": 124, ""y"": 818}
```"
d2v2_L12_h335_M.png,12,335,True,771,491,771,486,5.0,-0.1,-5.0,1,0,"```json
{""x"": 876, ""y"": 810}
```"
d2v2_L13_h20_N.png,13,20,False,106,251,106,251,0.5,0.5,-0.2,1,0,"```json
{""x"": 121, ""y"": 418}
```"
d2v2_L13_h20_M.png,13,20,True,774,251,774,252,1.1,0.4,1.0,1,0,"```json
{""x"": 880, ""y"": 420}
```"
d2v2_L13_h65_N.png,13,65,False,106,251,106,251,0.5,0.5,-0.2,1,0,"```json
{""x"": 121, ""y"": 418}
```"
d2v2_L13_h65_M.png,13,65,True,774,251,774,252,1.1,0.4,1.0,1,0,"```json
{""x"": 880, ""y"": 420}
```"
d2v2_L13_h110_N.png,13,110,False,106,251,106,251,0.5,0.5,-0.2,1,0,"```json
{""x"": 121, ""y"": 418}
```"
d2v2_L13_h110_M.png,13,110,True,774,251,774,252,1.1,0.4,1.0,1,0,"{""x"": 880, ""y"": 420}"
d2v2_L13_h155_N.png,13,155,False,106,251,106,251,0.5,0.5,-0.2,1,0,"```json
{""x"": 121, ""y"": 418}
```"
d2v2_L13_h155_M.png,13,155,True,774,251,774,252,1.1,0.4,1.0,1,0,"```json
{""x"": 880, ""y"": 420}
```"
d2v2_L13_h200_N.png,13,200,False,106,251,106,251,0.5,0.5,-0.2,1,0,"```json
{""x"": 121, ""y"": 418}
```"
d2v2_L13_h200_M.png,13,200,True,774,251,774,252,1.1,0.4,1.0,1,0,"```json
{""x"": 880, ""y"": 420}
```"
d2v2_L13_h245_N.png,13,245,False,106,251,106,251,0.5,0.5,-0.2,1,0,"```json
{""x"": 121, ""y"": 418}
```"
d2v2_L13_h245_M.png,13,245,True,774,251,774,252,1.1,0.4,1.0,1,0,"```json
{""x"": 880, ""y"": 420}
```"
d2v2_L13_h290_N.png,13,290,False,106,251,106,251,0.5,0.5,-0.2,1,0,"```json
{""x"": 121, ""y"": 418}
```"
d2v2_L13_h290_M.png,13,290,True,774,251,774,360,109.0,0.4,109.0,0,0,"```json
{""x"": 880, ""y"": 600}
```"
d2v2_L13_h335_N.png,13,335,False,106,251,106,251,0.5,0.5,-0.2,1,0,"```json
{""x"": 121, ""y"": 418}
```"
d2v2_L13_h335_M.png,13,335,True,774,251,774,252,1.1,0.4,1.0,1,0,"```json
{""x"": 880, ""y"": 420}
```"
d2v2_L14_h20_N.png,14,20,False,456,154,457,154,0.7,0.7,0.2,1,0,"```json
{""x"": 519, ""y"": 257}
```"
d2v2_L14_h20_M.png,14,20,True,424,154,424,154,0.4,0.2,-0.4,1,0,"```json
{""x"": 482, ""y"": 256}
```"
d2v2_L14_h65_N.png,14,65,False,456,154,457,154,0.7,0.7,0.2,1,0,"```json
{""x"": 519, ""y"": 257}
```"
d2v2_L14_h65_M.png,14,65,True,424,154,424,154,0.3,0.2,0.2,1,0,"```json
{""x"": 482, ""y"": 257}
```"
d2v2_L14_h110_N.png,14,110,False,456,154,457,154,0.7,0.7,0.2,1,0,"```json
{""x"": 519, ""y"": 257}
```"
d2v2_L14_h110_M.png,14,110,True,424,154,424,154,0.3,0.2,0.2,1,0,"```json
{""x"": 482, ""y"": 257}
```"
d2v2_L14_h155_N.png,14,155,False,456,154,455,154,1.1,-1.0,0.2,1,0,"```json
{""x"": 517, ""y"": 257}
```"
d2v2_L14_h155_M.png,14,155,True,424,154,424,154,0.3,0.2,0.2,1,0,"```json
{""x"": 482, ""y"": 257}
```"
d2v2_L14_h200_N.png,14,200,False,456,154,457,154,0.7,0.7,0.2,1,0,"```json
{""x"": 519, ""y"": 257}
```"
d2v2_L14_h200_M.png,14,200,True,424,154,424,154,0.3,0.2,0.2,1,0,"```json
{""x"": 482, ""y"": 257}
```"
d2v2_L14_h245_N.png,14,245,False,456,154,457,154,0.7,0.7,0.2,1,0,"```json
{""x"": 519, ""y"": 257}
```"
d2v2_L14_h245_M.png,14,245,True,424,154,424,154,0.4,0.2,-0.4,1,0,"```json
{""x"": 482, ""y"": 256}
```"
d2v2_L14_h290_N.png,14,290,False,456,154,456,154,0.4,-0.2,-0.4,1,0,"```json
{""x"": 518, ""y"": 256}
```"
d2v2_L14_h290_M.png,14,290,True,424,154,424,154,0.3,0.2,0.2,1,0,"```json
{""x"": 482, ""y"": 257}
```"
d2v2_L14_h335_N.png,14,335,False,456,154,457,154,0.7,0.7,0.2,1,0,"```json
{""x"": 519, ""y"": 257}
```"
d2v2_L14_h335_M.png,14,335,True,424,154,424,154,0.3,0.2,0.2,1,0,"```json
{""x"": 482, ""y"": 257}
```"
d2v2_L15_h20_N.png,15,20,False,258,322,259,322,0.7,0.7,0.2,1,0,"```json
{""x"": 294, ""y"": 537}
```"
d2v2_L15_h20_M.png,15,20,True,622,322,622,322,0.3,0.2,0.2,1,0,"```json
{""x"": 707, ""y"": 537}
```"
d2v2_L15_h65_N.png,15,65,False,258,322,258,323,0.8,-0.2,0.8,1,0,"```json
{""x"": 293, ""y"": 538}
```"
d2v2_L15_h65_M.png,15,65,True,622,322,622,323,0.8,0.2,0.8,1,0,"```json
{""x"": 707, ""y"": 538}
```"
d2v2_L15_h110_N.png,15,110,False,258,322,259,318,4.1,0.7,-4.0,1,0,"```json
{""x"": 294, ""y"": 530}
```"
d2v2_L15_h110_M.png,15,110,True,622,322,622,321,1.0,0.2,-1.0,1,0,"```json
{""x"": 707, ""y"": 535}
```"
d2v2_L15_h155_N.png,15,155,False,258,322,259,322,0.7,0.7,0.2,1,0,"{""x"": 294, ""y"": 537}"
d2v2_L15_h155_M.png,15,155,True,622,322,622,323,0.8,0.2,0.8,1,0,"```json
{""x"": 707, ""y"": 538}
```"
d2v2_L15_h200_N.png,15,200,False,258,322,258,323,0.8,-0.2,0.8,1,0,"```json
{""x"": 293, ""y"": 538}
```"
d2v2_L15_h200_M.png,15,200,True,622,322,622,323,0.8,0.2,0.8,1,0,"{""x"": 707, ""y"": 538}"
d2v2_L15_h245_N.png,15,245,False,258,322,258,321,1.0,-0.2,-1.0,1,0,"```json
{""x"": 293, ""y"": 535}
```"
d2v2_L15_h245_M.png,15,245,True,622,322,622,323,0.8,0.2,0.8,1,0,"```json
{""x"": 707, ""y"": 538}
```"
d2v2_L15_h290_N.png,15,290,False,258,322,258,322,0.4,-0.2,-0.4,1,0,"```json
{""x"": 293, ""y"": 536}
```"
d2v2_L15_h290_M.png,15,290,True,622,322,622,322,0.4,0.2,-0.4,1,0,"```json
{""x"": 707, ""y"": 536}
```"
d2v2_L15_h335_N.png,15,335,False,258,322,258,323,0.8,-0.2,0.8,1,0,"```json
{""x"": 293, ""y"": 538}
```"
d2v2_L15_h335_M.png,15,335,True,622,322,622,322,0.3,0.2,0.2,1,0,"```json
{""x"": 707, ""y"": 537}
```"
d2v2_L16_h20_N.png,16,20,False,333,58,334,59,1.0,0.5,0.8,1,0,"```json
{""x"": 379, ""y"": 98}
```"
d2v2_L16_h20_M.png,16,20,True,547,58,547,59,0.9,0.4,0.8,1,0,"```json
{""x"": 622, ""y"": 98}
```"
d2v2_L16_h65_N.png,16,65,False,333,58,334,59,1.0,0.5,0.8,1,0,"```json
{""x"": 379, ""y"": 98}
```"
d2v2_L16_h65_M.png,16,65,True,547,58,547,58,0.4,0.4,0.2,1,0,"```json
{""x"": 622, ""y"": 97}
```"
d2v2_L16_h110_N.png,16,110,False,333,58,333,58,0.4,-0.4,0.2,1,0,"```json
{""x"": 378, ""y"": 97}
```"
d2v2_L16_h110_M.png,16,110,True,547,58,547,58,0.4,0.4,0.2,1,0,"```json
{""x"": 622, ""y"": 97}
```"
d2v2_L16_h155_N.png,16,155,False,333,58,334,59,1.0,0.5,0.8,1,0,"```json
{""x"": 379, ""y"": 98}
```"
d2v2_L16_h155_M.png,16,155,True,547,58,547,58,0.4,0.4,0.2,1,0,"```json
{""x"": 622, ""y"": 97}
```"
d2v2_L16_h200_N.png,16,200,False,333,58,334,58,0.7,0.5,-0.4,1,0,"{""x"": 379, ""y"": 96}"
d2v2_L16_h200_M.png,16,200,True,547,58,547,58,0.4,0.4,0.2,1,0,"```json
{""x"": 622, ""y"": 97}
```"
d2v2_L16_h245_N.png,16,245,False,333,58,333,58,0.4,-0.4,0.2,1,0,"```json
{""x"": 378, ""y"": 97}
```"
d2v2_L16_h245_M.png,16,245,True,547,58,547,58,0.4,0.4,0.2,1,0,"```json
{""x"": 622, ""y"": 97}
```"
d2v2_L16_h290_N.png,16,290,False,333,58,334,59,1.5,0.5,1.4,1,0,"```json
{""x"": 379, ""y"": 99}
```"
d2v2_L16_h290_M.png,16,290,True,547,58,547,59,0.9,0.4,0.8,1,0,"```json
{""x"": 622, ""y"": 98}
```"
d2v2_L16_h335_N.png,16,335,False,333,58,334,59,1.0,0.5,0.8,1,0,"```json
{""x"": 379, ""y"": 98}
```"
d2v2_L16_h335_M.png,16,335,True,547,58,547,58,0.4,0.4,0.2,1,0,"```json
{""x"": 622, ""y"": 97}
```"
d2v2_L17_h20_N.png,17,20,False,532,454,532,453,1.1,0.4,-1.0,1,0,"```json
{""x"": 605, ""y"": 755}
```"
d2v2_L17_h20_M.png,17,20,True,348,454,348,454,0.4,-0.4,0.2,1,0,"```json
{""x"": 395, ""y"": 757}
```"
d2v2_L17_h65_N.png,17,65,False,532,454,532,454,0.4,0.4,0.2,1,0,"```json
{""x"": 605, ""y"": 757}
```"
d2v2_L17_h65_M.png,17,65,True,348,454,348,454,0.4,-0.4,0.2,1,0,"```json
{""x"": 395, ""y"": 757}
```"
d2v2_L17_h110_N.png,17,110,False,532,454,532,453,1.1,0.4,-1.0,1,0,"{""x"": 605, ""y"": 755}"
d2v2_L17_h110_M.png,17,110,True,348,454,348,452,2.2,-0.4,-2.2,1,0,"```json
{""x"": 395, ""y"": 753}
```"
d2v2_L17_h155_N.png,17,155,False,532,454,532,453,1.1,0.4,-1.0,1,0,"```json
{""x"": 605, ""y"": 755}
```"
d2v2_L17_h155_M.png,17,155,True,348,454,348,453,1.1,-0.4,-1.0,1,0,"```json
{""x"": 395, ""y"": 755}
```"
d2v2_L17_h200_N.png,17,200,False,532,454,532,453,1.1,0.4,-1.0,1,0,"```json
{""x"": 605, ""y"": 755}
```"
d2v2_L17_h200_M.png,17,200,True,348,454,348,454,0.6,0.5,-0.4,1,0,"{""x"": 396, ""y"": 756}"
d2v2_L17_h245_N.png,17,245,False,532,454,532,454,0.6,-0.5,-0.4,1,0,"```json
{""x"": 604, ""y"": 756}
```"
d2v2_L17_h245_M.png,17,245,True,348,454,348,454,0.6,-0.4,-0.4,1,0,"```json
{""x"": 395, ""y"": 756}
```"
d2v2_L17_h290_N.png,17,290,False,532,454,532,453,1.1,0.4,-1.0,1,0,"```json
{""x"": 605, ""y"": 755}
```"
d2v2_L17_h290_M.png,17,290,True,348,454,348,454,0.4,-0.4,0.2,1,0,"```json
{""x"": 395, ""y"": 757}
```"
d2v2_L17_h335_N.png,17,335,False,532,454,532,454,0.4,0.4,0.2,1,0,"```json
{""x"": 605, ""y"": 757}
```"
d2v2_L17_h335_M.png,17,335,True,348,454,348,454,0.6,-0.4,-0.4,1,0,"```json
{""x"": 395, ""y"": 756}
```"
d2v2_L18_h20_N.png,18,20,False,470,405,470,404,1.2,-0.1,-1.2,1,0,"```json
{""x"": 534, ""y"": 673}
```"
d2v2_L18_h20_M.png,18,20,True,410,405,410,405,0.1,0.1,0.0,1,0,"```json
{""x"": 466, ""y"": 675}
```"
d2v2_L18_h65_N.png,18,65,False,470,405,470,404,0.6,-0.1,-0.6,1,0,"```json
{""x"": 534, ""y"": 674}
```"
d2v2_L18_h65_M.png,18,65,True,410,405,410,406,0.6,0.1,0.6,1,0,"```json
{""x"": 466, ""y"": 676}
```"
d2v2_L18_h110_N.png,18,110,False,470,405,470,405,0.1,-0.1,0.0,1,0,"```json
{""x"": 534, ""y"": 675}
```"
d2v2_L18_h110_M.png,18,110,True,410,405,409,405,0.8,-0.8,0.0,1,0,"```json
{""x"": 465, ""y"": 675}
```"
d2v2_L18_h155_N.png,18,155,False,470,405,469,404,1.5,-1.0,-1.2,1,0,"```json
{""x"": 533, ""y"": 673}
```"
d2v2_L18_h155_M.png,18,155,True,410,405,410,406,0.6,0.1,0.6,1,0,"```json
{""x"": 466, ""y"": 676}
```"
d2v2_L18_h200_N.png,18,200,False,470,405,470,405,0.1,-0.1,0.0,1,0,"```json
{""x"": 534, ""y"": 675}
```"
d2v2_L18_h200_M.png,18,200,True,410,405,410,405,0.1,0.1,0.0,1,0,"```json
{""x"": 466, ""y"": 675}
```"
d2v2_L18_h245_N.png,18,245,False,470,405,471,406,1.4,0.8,1.2,1,0,"```json
{""x"": 535, ""y"": 677}
```"
d2v2_L18_h245_M.png,18,245,True,410,405,409,405,0.8,-0.8,0.0,1,0,"```json
{""x"": 465, ""y"": 675}
```"
d2v2_L18_h290_N.png,18,290,False,470,405,470,406,0.6,-0.1,0.6,1,0,"```json
{""x"": 534, ""y"": 676}
```"
d2v2_L18_h290_M.png,18,290,True,410,405,410,405,0.1,0.1,0.0,1,0,"```json
{""x"": 466, ""y"": 675}
```"
d2v2_L18_h335_N.png,18,335,False,470,405,470,404,0.6,-0.1,-0.6,1,0,"{""x"": 534, ""y"": 674}"
d2v2_L18_h335_M.png,18,335,True,410,405,410,405,0.1,0.1,0.0,1,0,"```json
{""x"": 466, ""y"": 675}
```"
d2v2_L19_h20_N.png,19,20,False,707,494,708,493,1.0,0.5,-0.8,1,0,"```json
{""x"": 804, ""y"": 822}
```"
d2v2_L19_h20_M.png,19,20,True,173,494,172,493,1.0,-0.5,-0.8,1,0,"{""x"": 196, ""y"": 822}"
d2v2_L19_h65_N.png,19,65,False,707,494,708,494,0.6,0.5,-0.2,1,0,"```json
{""x"": 804, ""y"": 823}
```"
d2v2_L19_h65_M.png,19,65,True,173,494,172,494,1.4,-1.4,-0.2,1,0,"```json
{""x"": 195, ""y"": 823}
```"
d2v2_L19_h110_N.png,19,110,False,707,494,707,493,0.9,-0.4,-0.8,1,0,"{""x"": 803, ""y"": 822}"
d2v2_L19_h110_M.png,19,110,True,173,494,172,493,1.0,-0.5,-0.8,1,0,"```json
{""x"": 196, ""y"": 822}
```"
d2v2_L19_h155_N.png,19,155,False,707,494,708,493,1.0,0.5,-0.8,1,0,"```json
{""x"": 804, ""y"": 822}
```"
d2v2_L19_h155_M.png,19,155,True,173,494,172,493,1.0,-0.5,-0.8,1,0,"```json
{""x"": 196, ""y"": 822}
```"
d2v2_L19_h200_N.png,19,200,False,707,494,707,494,0.4,-0.4,-0.2,1,0,"```json
{""x"": 803, ""y"": 823}
```"
d2v2_L19_h200_M.png,19,200,True,173,494,172,493,1.0,-0.5,-0.8,1,0,"```json
{""x"": 196, ""y"": 822}
```"
d2v2_L19_h245_N.png,19,245,False,707,494,707,494,0.4,-0.4,-0.2,1,0,"```json
{""x"": 803, ""y"": 823}
```"
d2v2_L19_h245_M.png,19,245,True,173,494,173,494,0.4,0.4,-0.2,1,0,"```json
{""x"": 197, ""y"": 823}
```"
d2v2_L19_h290_N.png,19,290,False,707,494,708,494,0.6,0.5,-0.2,1,0,"```json
{""x"": 804, ""y"": 823}
```"
d2v2_L19_h290_M.png,19,290,True,173,494,172,493,1.0,-0.5,-0.8,1,0,"```json
{""x"": 196, ""y"": 822}
```"
d2v2_L19_h335_N.png,19,335,False,707,494,708,494,0.6,0.5,-0.2,1,0,"```json
{""x"": 804, ""y"": 823}
```"
d2v2_L19_h335_M.png,19,335,True,173,494,172,493,1.0,-0.5,-0.8,1,0,"```json
{""x"": 196, ""y"": 822}
```"
