file,layout,hue,contrast,flip,true_x,true_y,pred_x,pred_y,err,dx,dy,box_in,fail,raw
ui_L0_h20_c1.5_N.png,0,20,1.5,False,196,251,196,251,0.4,0.0,-0.4,1,0,"```json
{""x"": 245, ""y"": 482}
```"
ui_L0_h20_c1.5_R.png,0,20,1.5,True,604,251,603,251,0.9,-0.8,-0.4,1,0,"```json
{""x"": 754, ""y"": 482}
```"
ui_L0_h20_c3.0_N.png,0,20,3.0,False,196,251,196,251,0.4,0.0,-0.4,1,0,"```json
{""x"": 245, ""y"": 482}
```"
ui_L0_h20_c3.0_R.png,0,20,3.0,True,604,251,603,251,0.9,-0.8,-0.4,1,0,"```json
{""x"": 754, ""y"": 482}
```"
ui_L0_h20_c4.5_N.png,0,20,4.5,False,196,251,196,251,0.4,0.0,-0.4,1,0,"```json
{""x"": 245, ""y"": 482}
```"
ui_L0_h20_c4.5_R.png,0,20,4.5,True,604,251,602,251,1.6,-1.6,-0.4,1,0,"```json
{""x"": 753, ""y"": 482}
```"
ui_L0_h65_c1.5_N.png,0,65,1.5,False,196,251,196,251,0.4,0.0,-0.4,1,0,"```json
{""x"": 245, ""y"": 482}
```"
ui_L0_h65_c1.5_R.png,0,65,1.5,True,604,251,602,251,1.6,-1.6,-0.4,1,0,"```json
{""x"": 753, ""y"": 482}
```"
ui_L0_h65_c3.0_N.png,0,65,3.0,False,196,251,196,251,0.4,0.0,-0.4,1,0,"```json
{""x"": 245, ""y"": 482}
```"
ui_L0_h65_c3.0_R.png,0,65,3.0,True,604,251,602,251,1.6,-1.6,-0.4,1,0,"```json
{""x"": 753, ""y"": 482}
```"
ui_L0_h65_c4.5_N.png,0,65,4.5,False,196,251,196,251,0.4,0.0,-0.4,1,0,"```json
{""x"": 245, ""y"": 482}
```"
ui_L0_h65_c4.5_R.png,0,65,4.5,True,604,251,602,251,1.6,-1.6,-0.4,1,0,"```json
{""x"": 753, ""y"": 482}
```"
ui_L0_h110_c1.5_N.png,0,110,1.5,False,196,251,196,251,0.4,0.0,-0.4,1,0,"```json
{""x"": 245, ""y"": 482}
```"
ui_L0_h110_c1.5_R.png,0,110,1.5,True,604,251,603,251,0.9,-0.8,-0.4,1,0,"```json
{""x"": 754, ""y"": 482}
```"
ui_L0_h110_c3.0_N.png,0,110,3.0,False,196,251,196,251,0.4,0.0,-0.4,1,0,"```json
{""x"": 245, ""y"": 482}
```"
ui_L0_h110_c3.0_R.png,0,110,3.0,True,604,251,603,251,0.9,-0.8,-0.4,1,0,"```json
{""x"": 754, ""y"": 482}
```"
ui_L0_h110_c4.5_N.png,0,110,4.5,False,196,251,196,251,0.4,0.0,-0.4,1,0,"```json
{""x"": 245, ""y"": 482}
```"
ui_L0_h110_c4.5_R.png,0,110,4.5,True,604,251,603,251,0.9,-0.8,-0.4,1,0,"```json
{""x"": 754, ""y"": 482}
```"
ui_L0_h155_c1.5_N.png,0,155,1.5,False,196,251,196,251,0.4,0.0,-0.4,1,0,"```json
{""x"": 245, ""y"": 482}
```"
ui_L0_h155_c1.5_R.png,0,155,1.5,True,604,251,602,251,1.6,-1.6,-0.4,1,0,"```json
{""x"": 753, ""y"": 482}
```"
ui_L0_h155_c3.0_N.png,0,155,3.0,False,196,251,196,251,0.4,0.0,-0.4,1,0,"```json
{""x"": 245, ""y"": 482}
```"
ui_L0_h155_c3.0_R.png,0,155,3.0,True,604,251,602,251,1.6,-1.6,-0.4,1,0,"```json
{""x"": 753, ""y"": 482}
```"
ui_L0_h155_c4.5_N.png,0,155,4.5,False,196,251,196,251,0.4,0.0,-0.4,1,0,"```json
{""x"": 245, ""y"": 482}
```"
ui_L0_h155_c4.5_R.png,0,155,4.5,True,604,251,603,251,0.9,-0.8,-0.4,1,0,"```json
{""x"": 754, ""y"": 482}
```"
ui_L0_h200_c1.5_N.png,0,200,1.5,False,196,251,196,251,0.4,0.0,-0.4,1,0,"```json
{""x"": 245, ""y"": 482}
```"
ui_L0_h200_c1.5_R.png,0,200,1.5,True,604,251,602,251,1.6,-1.6,-0.4,1,0,"```json
{""x"": 753, ""y"": 482}
```"
ui_L0_h200_c3.0_N.png,0,200,3.0,False,196,251,196,251,0.4,0.0,-0.4,1,0,"```json
{""x"": 245, ""y"": 482}
```"
ui_L0_h200_c3.0_R.png,0,200,3.0,True,604,251,602,251,1.6,-1.6,-0.4,1,0,"```json
{""x"": 753, ""y"": 482}
```"
ui_L0_h200_c4.5_N.png,0,200,4.5,False,196,251,196,251,0.4,0.0,-0.4,1,0,"```json
{""x"": 245, ""y"": 482}
```"
ui_L0_h200_c4.5_R.png,0,200,4.5,True,604,251,602,251,1.6,-1.6,-0.4,1,0,"```json
{""x"": 753, ""y"": 482}
```"
ui_L0_h245_c1.5_N.png,0,245,1.5,False,196,251,196,251,0.4,0.0,-0.4,1,0,"```json
{""x"": 245, ""y"": 482}
```"
ui_L0_h245_c1.5_R.png,0,245,1.5,True,604,251,603,251,0.9,-0.8,-0.4,1,0,"```json
{""x"": 754, ""y"": 482}
```"
ui_L0_h245_c3.0_N.png,0,245,3.0,False,196,251,196,251,0.4,0.0,-0.4,1,0,"{""x"": 245, ""y"": 482}"
ui_L0_h245_c3.0_R.png,0,245,3.0,True,604,251,602,251,1.6,-1.6,-0.4,1,0,"```json
{""x"": 753, ""y"": 482}
```"
ui_L0_h245_c4.5_N.png,0,245,4.5,False,196,251,196,251,0.4,0.0,-0.4,1,0,"```json
{""x"": 245, ""y"": 482}
```"
ui_L0_h245_c4.5_R.png,0,245,4.5,True,604,251,602,251,1.6,-1.6,-0.4,1,0,"```json
{""x"": 753, ""y"": 482}
```"
ui_L0_h290_c1.5_N.png,0,290,1.5,False,196,251,196,251,0.4,0.0,-0.4,1,0,"```json
{""x"": 245, ""y"": 482}
```"
ui_L0_h290_c1.5_R.png,0,290,1.5,True,604,251,602,250,1.8,-1.6,-0.9,1,0,"```json
{""x"": 753, ""y"": 481}
```"
ui_L0_h290_c3.0_N.png,0,290,3.0,False,196,251,196,251,0.4,0.0,-0.4,1,0,"```json
{""x"": 245, ""y"": 482}
```"
ui_L0_h290_c3.0_R.png,0,290,3.0,True,604,251,602,251,1.6,-1.6,-0.4,1,0,"```json
{""x"": 753, ""y"": 482}
```"
ui_L0_h290_c4.5_N.png,0,290,4.5,False,196,251,196,251,0.4,0.0,-0.4,1,0,"```json
{""x"": 245, ""y"": 482}
```"
ui_L0_h290_c4.5_R.png,0,290,4.5,True,604,251,602,251,1.6,-1.6,-0.4,1,0,"```json
{""x"": 753, ""y"": 482}
```"
ui_L0_h335_c1.5_N.png,0,335,1.5,False,196,251,196,251,0.4,0.0,-0.4,1,0,"```json
{""x"": 245, ""y"": 482}
```"
ui_L0_h335_c1.5_R.png,0,335,1.5,True,604,251,603,251,0.9,-0.8,-0.4,1,0,"```json
{""x"": 754, ""y"": 482}
```"
ui_L0_h335_c3.0_N.png,0,335,3.0,False,196,251,196,251,0.4,0.0,-0.4,1,0,"```json
{""x"": 245, ""y"": 482}
```"
ui_L0_h335_c3.0_R.png,0,335,3.0,True,604,251,602,251,1.6,-1.6,-0.4,1,0,"```json
{""x"": 753, ""y"": 482}
```"
ui_L0_h335_c4.5_N.png,0,335,4.5,False,196,251,196,251,0.4,0.0,-0.4,1,0,"```json
{""x"": 245, ""y"": 482}
```"
ui_L0_h335_c4.5_R.png,0,335,4.5,True,604,251,603,251,0.9,-0.8,-0.4,1,0,"```json
{""x"": 754, ""y"": 482}
```"
ui_L1_h20_c1.5_N.png,1,20,1.5,False,259,258,260,259,1.4,1.0,1.0,1,0,"```json
{""x"": 325, ""y"": 498}
```"
ui_L1_h20_c1.5_R.png,1,20,1.5,True,541,258,538,254,4.5,-2.6,-3.7,1,0,"```json
{""x"": 673, ""y"": 489}
```"
ui_L1_h20_c3.0_N.png,1,20,3.0,False,259,258,260,258,1.1,1.0,0.4,1,0,"```json
{""x"": 325, ""y"": 497}
```"
ui_L1_h20_c3.0_R.png,1,20,3.0,True,541,258,538,255,3.7,-2.6,-2.7,1,0,"```json
{""x"": 673, ""y"": 491}
```"
ui_L1_h20_c4.5_N.png,1,20,4.5,False,259,258,259,259,1.0,0.2,1.0,1,0,"```json
{""x"": 324, ""y"": 498}
```"
ui_L1_h20_c4.5_R.png,1,20,4.5,True,541,258,540,259,1.4,-1.0,1.0,1,0,"```json
{""x"": 675, ""y"": 498}
```"
ui_L1_h65_c1.5_N.png,1,65,1.5,False,259,258,259,259,1.0,0.2,1.0,1,0,"```json
{""x"": 324, ""y"": 498}
```"
ui_L1_h65_c1.5_R.png,1,65,1.5,True,541,258,540,259,1.4,-1.0,1.0,1,0,"```json
{""x"": 675, ""y"": 498}
```"
ui_L1_h65_c3.0_N.png,1,65,3.0,False,259,258,259,259,1.0,0.2,1.0,1,0,"```json
{""x"": 324, ""y"": 498}
```"
ui_L1_h65_c3.0_R.png,1,65,3.0,True,541,258,541,261,2.5,-0.2,2.5,1,0,"```json
{""x"": 676, ""y"": 501}
```"
ui_L1_h65_c4.5_N.png,1,65,4.5,False,259,258,260,259,1.4,1.0,1.0,1,0,"```json
{""x"": 325, ""y"": 498}
```"
ui_L1_h65_c4.5_R.png,1,65,4.5,True,541,258,541,259,1.0,-0.2,1.0,1,0,"```json
{""x"": 676, ""y"": 498}
```"
ui_L1_h110_c1.5_N.png,1,110,1.5,False,259,258,259,259,1.0,0.2,1.0,1,0,"```json
{""x"": 324, ""y"": 498}
```"
ui_L1_h110_c1.5_R.png,1,110,1.5,True,541,258,541,261,2.5,-0.2,2.5,1,0,"```json
{""x"": 676, ""y"": 501}
```"
ui_L1_h110_c3.0_N.png,1,110,3.0,False,259,258,258,259,1.1,-0.6,1.0,1,0,"```json
{""x"": 323, ""y"": 498}
```"
ui_L1_h110_c3.0_R.png,1,110,3.0,True,541,258,541,260,2.0,-0.2,2.0,1,0,"```json
{""x"": 676, ""y"": 500}
```"
ui_L1_h110_c4.5_N.png,1,110,4.5,False,259,258,259,259,1.0,0.2,1.0,1,0,"```json
{""x"": 324, ""y"": 498}
```"
ui_L1_h110_c4.5_R.png,1,110,4.5,True,541,258,541,263,4.6,-0.2,4.6,1,0,"```json
{""x"": 676, ""y"": 505}
```"
ui_L1_h155_c1.5_N.png,1,155,1.5,False,259,258,260,258,1.1,1.0,0.4,1,0,"```json
{""x"": 325, ""y"": 497}
```"
ui_L1_h155_c1.5_R.png,1,155,1.5,True,541,258,540,257,1.2,-1.0,-0.6,1,0,"```json
{""x"": 675, ""y"": 495}
```"
ui_L1_h155_c3.0_N.png,1,155,3.0,False,259,258,260,258,1.1,1.0,0.4,1,0,"```json
{""x"": 325, ""y"": 497}
```"
ui_L1_h155_c3.0_R.png,1,155,3.0,True,541,258,540,260,2.2,-1.0,2.0,1,0,"```json
{""x"": 675, ""y"": 500}
```"
ui_L1_h155_c4.5_N.png,1,155,4.5,False,259,258,260,259,1.4,1.0,1.0,1,0,"```json
{""x"": 325, ""y"": 498}
```"
ui_L1_h155_c4.5_R.png,1,155,4.5,True,541,258,540,251,6.9,-1.0,-6.8,1,0,"```json
{""x"": 675, ""y"": 483}
```"
ui_L1_h200_c1.5_N.png,1,200,1.5,False,259,258,259,259,1.0,0.2,1.0,1,0,"```json
{""x"": 324, ""y"": 498}
```"
ui_L1_h200_c1.5_R.png,1,200,1.5,True,541,258,540,259,1.4,-1.0,1.0,1,0,"```json
{""x"": 675, ""y"": 498}
```"
ui_L1_h200_c3.0_N.png,1,200,3.0,False,259,258,260,258,1.1,1.0,0.4,1,0,"```json
{""x"": 325, ""y"": 497}
```"
ui_L1_h200_c3.0_R.png,1,200,3.0,True,541,258,541,261,2.5,-0.2,2.5,1,0,"```json
{""x"": 676, ""y"": 501}
```"
ui_L1_h200_c4.5_N.png,1,200,4.5,False,259,258,260,258,1.1,1.0,0.4,1,0,"```json
{""x"": 325, ""y"": 497}
```"
ui_L1_h200_c4.5_R.png,1,200,4.5,True,541,258,540,259,1.4,-1.0,1.0,1,0,"```json
{""x"": 675, ""y"": 498}
```"
ui_L1_h245_c1.5_N.png,1,245,1.5,False,259,258,260,259,1.4,1.0,1.0,1,0,"```json
{""x"": 325, ""y"": 498}
```"
ui_L1_h245_c1.5_R.png,1,245,1.5,True,541,258,539,259,2.0,-1.8,1.0,1,0,"```json
{""x"": 674, ""y"": 498}
```"
ui_L1_h245_c3.0_N.png,1,245,3.0,False,259,258,260,259,1.4,1.0,1.0,1,0,"```json
{""x"": 325, ""y"": 498}
```"
ui_L1_h245_c3.0_R.png,1,245,3.0,True,541,258,541,251,6.8,-0.2,-6.8,1,0,"```json
{""x"": 676, ""y"": 483}
```"
ui_L1_h245_c4.5_N.png,1,245,4.5,False,259,258,259,259,1.0,0.2,1.0,1,0,"```json
{""x"": 324, ""y"": 498}
```"
ui_L1_h245_c4.5_R.png,1,245,4.5,True,541,258,540,260,2.2,-1.0,2.0,1,0,"```json
{""x"": 675, ""y"": 500}
```"
ui_L1_h290_c1.5_N.png,1,290,1.5,False,259,258,259,259,1.0,0.2,1.0,1,0,"```json
{""x"": 324, ""y"": 498}
```"
ui_L1_h290_c1.5_R.png,1,290,1.5,True,541,258,540,259,1.4,-1.0,1.0,1,0,"```json
{""x"": 675, ""y"": 498}
```"
ui_L1_h290_c3.0_N.png,1,290,3.0,False,259,258,260,258,1.1,1.0,0.4,1,0,"```json
{""x"": 325, ""y"": 497}
```"
ui_L1_h290_c3.0_R.png,1,290,3.0,True,541,258,540,260,2.2,-1.0,2.0,1,0,"```json
{""x"": 675, ""y"": 500}
```"
ui_L1_h290_c4.5_N.png,1,290,4.5,False,259,258,259,261,2.5,0.2,2.5,1,0,"```json
{""x"": 324, ""y"": 501}
```"
ui_L1_h290_c4.5_R.png,1,290,4.5,True,541,258,540,259,1.4,-1.0,1.0,1,0,"```json
{""x"": 675, ""y"": 498}
```"
ui_L1_h335_c1.5_N.png,1,335,1.5,False,259,258,259,257,0.6,0.2,-0.6,1,0,"```json
{""x"": 324, ""y"": 495}
```"
ui_L1_h335_c1.5_R.png,1,335,1.5,True,541,258,539,261,3.1,-1.8,2.5,1,0,"```json
{""x"": 674, ""y"": 501}
```"
ui_L1_h335_c3.0_N.png,1,335,3.0,False,259,258,259,258,0.2,0.2,-0.1,1,0,"```json
{""x"": 324, ""y"": 496}
```"
ui_L1_h335_c3.0_R.png,1,335,3.0,True,541,258,540,261,2.7,-1.0,2.5,1,0,"```json
{""x"": 675, ""y"": 501}
```"
ui_L1_h335_c4.5_N.png,1,335,4.5,False,259,258,259,258,0.5,0.2,0.4,1,0,"```json
{""x"": 324, ""y"": 497}
```"
ui_L1_h335_c4.5_R.png,1,335,4.5,True,541,258,511,231,40.3,-29.8,-27.1,1,0,"```json
{""x"": 639, ""y"": 444}
```"
ui_L2_h20_c1.5_N.png,2,20,1.5,False,379,297,378,297,1.4,-1.4,-0.1,1,0,"```json
{""x"": 472, ""y"": 571}
```"
ui_L2_h20_c1.5_R.png,2,20,1.5,True,421,297,418,297,2.6,-2.6,-0.1,1,0,"```json
{""x"": 523, ""y"": 571}
```"
ui_L2_h20_c3.0_N.png,2,20,3.0,False,379,297,380,297,1.0,1.0,-0.1,1,0,"```json
{""x"": 475, ""y"": 571}
```"
ui_L2_h20_c3.0_R.png,2,20,3.0,True,421,297,421,297,0.2,-0.2,-0.1,1,0,"```json
{""x"": 526, ""y"": 571}
```"
ui_L2_h20_c4.5_N.png,2,20,4.5,False,379,297,379,297,0.2,0.2,-0.1,1,0,"```json
{""x"": 474, ""y"": 571}
```"
ui_L2_h20_c4.5_R.png,2,20,4.5,True,421,297,419,297,1.8,-1.8,-0.1,1,0,"```json
{""x"": 524, ""y"": 571}
```"
ui_L2_h65_c1.5_N.png,2,65,1.5,False,379,297,379,297,0.2,0.2,-0.1,1,0,"```json
{""x"": 474, ""y"": 571}
```"
ui_L2_h65_c1.5_R.png,2,65,1.5,True,421,297,420,297,1.0,-1.0,-0.1,1,0,"```json
{""x"": 525, ""y"": 571}
```"
ui_L2_h65_c3.0_N.png,2,65,3.0,False,379,297,379,297,0.2,0.2,-0.1,1,0,"```json
{""x"": 474, ""y"": 571}
```"
ui_L2_h65_c3.0_R.png,2,65,3.0,True,421,297,420,290,6.9,-1.0,-6.8,1,0,"```json
{""x"": 525, ""y"": 558}
```"
ui_L2_h65_c4.5_N.png,2,65,4.5,False,379,297,379,297,0.2,0.2,-0.1,1,0,"```json
{""x"": 474, ""y"": 571}
```"
ui_L2_h65_c4.5_R.png,2,65,4.5,True,421,297,421,297,0.2,-0.2,-0.1,1,0,"```json
{""x"": 526, ""y"": 571}
```"
ui_L2_h110_c1.5_N.png,2,110,1.5,False,379,297,378,297,0.6,-0.6,-0.1,1,0,"```json
{""x"": 473, ""y"": 571}
```"
ui_L2_h110_c1.5_R.png,2,110,1.5,True,421,297,420,297,1.0,-1.0,-0.1,1,0,"```json
{""x"": 525, ""y"": 571}
```"
ui_L2_h110_c3.0_N.png,2,110,3.0,False,379,297,379,297,0.2,0.2,-0.1,1,0,"```json
{""x"": 474, ""y"": 571}
```"
ui_L2_h110_c3.0_R.png,2,110,3.0,True,421,297,421,297,0.2,-0.2,-0.1,1,0,"```json
{""x"": 526, ""y"": 571}
```"
ui_L2_h110_c4.5_N.png,2,110,4.5,False,379,297,379,297,0.2,0.2,-0.1,1,0,"```json
{""x"": 474, ""y"": 571}
```"
ui_L2_h110_c4.5_R.png,2,110,4.5,True,421,297,421,297,0.2,-0.2,-0.1,1,0,"```json
{""x"": 526, ""y"": 571}
```"
ui_L2_h155_c1.5_N.png,2,155,1.5,False,379,297,379,297,0.2,0.2,-0.1,1,0,"```json
{""x"": 474, ""y"": 571}
```"
ui_L2_h155_c1.5_R.png,2,155,1.5,True,421,297,421,297,0.2,-0.2,-0.1,1,0,"```json
{""x"": 526, ""y"": 571}
```"
ui_L2_h155_c3.0_N.png,2,155,3.0,False,379,297,379,297,0.2,0.2,-0.1,1,0,"```json
{""x"": 474, ""y"": 571}
```"
ui_L2_h155_c3.0_R.png,2,155,3.0,True,421,297,421,297,0.2,-0.2,-0.1,1,0,"```json
{""x"": 526, ""y"": 571}
```"
ui_L2_h155_c4.5_N.png,2,155,4.5,False,379,297,379,297,0.2,0.2,-0.1,1,0,"```json
{""x"": 474, ""y"": 571}
```"
ui_L2_h155_c4.5_R.png,2,155,4.5,True,421,297,421,297,0.2,-0.2,-0.1,1,0,"```json
{""x"": 526, ""y"": 571}
```"
ui_L2_h200_c1.5_N.png,2,200,1.5,False,379,297,379,297,0.2,0.2,-0.1,1,0,"```json
{""x"": 474, ""y"": 571}
```"
ui_L2_h200_c1.5_R.png,2,200,1.5,True,421,297,421,297,0.2,-0.2,-0.1,1,0,"```json
{""x"": 526, ""y"": 571}
```"
ui_L2_h200_c3.0_N.png,2,200,3.0,False,379,297,379,297,0.2,0.2,-0.1,1,0,"```json
{""x"": 474, ""y"": 571}
```"
ui_L2_h200_c3.0_R.png,2,200,3.0,True,421,297,419,297,1.8,-1.8,-0.1,1,0,"```json
{""x"": 524, ""y"": 571}
```"
ui_L2_h200_c4.5_N.png,2,200,4.5,False,379,297,379,297,0.2,0.2,-0.1,1,0,"```json
{""x"": 474, ""y"": 571}
```"
ui_L2_h200_c4.5_R.png,2,200,4.5,True,421,297,421,297,0.2,-0.2,-0.1,1,0,"```json
{""x"": 526, ""y"": 571}
```"
ui_L2_h245_c1.5_N.png,2,245,1.5,False,379,297,379,297,0.2,0.2,-0.1,1,0,"```json
{""x"": 474, ""y"": 571}
```"
ui_L2_h245_c1.5_R.png,2,245,1.5,True,421,297,421,297,0.2,-0.2,-0.1,1,0,"```json
{""x"": 526, ""y"": 571}
```"
ui_L2_h245_c3.0_N.png,2,245,3.0,False,379,297,378,297,1.4,-1.4,-0.1,1,0,"```json
{""x"": 472, ""y"": 571}
```"
ui_L2_h245_c3.0_R.png,2,245,3.0,True,421,297,419,297,1.8,-1.8,-0.1,1,0,"```json
{""x"": 524, ""y"": 571}
```"
ui_L2_h245_c4.5_N.png,2,245,4.5,False,379,297,378,297,1.4,-1.4,-0.1,1,0,"```json
{""x"": 472, ""y"": 571}
```"
ui_L2_h245_c4.5_R.png,2,245,4.5,True,421,297,421,299,2.0,-0.2,2.0,1,0,"```json
{""x"": 526, ""y"": 575}
```"
ui_L2_h290_c1.5_N.png,2,290,1.5,False,379,297,379,296,0.6,0.2,-0.6,1,0,"```json
{""x"": 474, ""y"": 570}
```"
ui_L2_h290_c1.5_R.png,2,290,1.5,True,421,297,418,297,2.6,-2.6,-0.1,1,0,"```json
{""x"": 523, ""y"": 571}
```"
ui_L2_h290_c3.0_N.png,2,290,3.0,False,379,297,379,297,0.2,0.2,-0.1,1,0,"```json
{""x"": 474, ""y"": 571}
```"
ui_L2_h290_c3.0_R.png,2,290,3.0,True,421,297,421,297,0.2,-0.2,-0.1,1,0,"```json
{""x"": 526, ""y"": 571}
```"
ui_L2_h290_c4.5_N.png,2,290,4.5,False,379,297,378,297,1.4,-1.4,-0.1,1,0,"```json
{""x"": 472, ""y"": 571}
```"
ui_L2_h290_c4.5_R.png,2,290,4.5,True,421,297,421,297,0.2,-0.2,-0.1,1,0,"```json
{""x"": 526, ""y"": 571}
```"
ui_L2_h335_c1.5_N.png,2,335,1.5,False,379,297,378,297,1.4,-1.4,-0.1,1,0,"```json
{""x"": 472, ""y"": 571}
```"
ui_L2_h335_c1.5_R.png,2,335,1.5,True,421,297,421,297,0.2,-0.2,-0.1,1,0,"```json
{""x"": 526, ""y"": 571}
```"
ui_L2_h335_c3.0_N.png,2,335,3.0,False,379,297,379,297,0.2,0.2,-0.1,1,0,"```json
{""x"": 474, ""y"": 571}
```"
ui_L2_h335_c3.0_R.png,2,335,3.0,True,421,297,421,297,0.2,-0.2,-0.1,1,0,"```json
{""x"": 526, ""y"": 571}
```"
ui_L2_h335_c4.5_N.png,2,335,4.5,False,379,297,379,297,0.2,0.2,-0.1,1,0,"```json
{""x"": 474, ""y"": 571}
```"
ui_L2_h335_c4.5_R.png,2,335,4.5,True,421,297,421,297,0.2,-0.2,-0.1,1,0,"```json
{""x"": 526, ""y"": 571}
```"
ui_L3_h20_c1.5_N.png,3,20,1.5,False,463,163,463,163,0.3,0.2,-0.2,1,0,"```json
{""x"": 579, ""y"": 313}
```"
ui_L3_h20_c1.5_R.png,3,20,1.5,True,337,163,337,162,0.8,-0.2,-0.8,1,0,"```json
{""x"": 421, ""y"": 312}
```"
ui_L3_h20_c3.0_N.png,3,20,3.0,False,463,163,463,163,0.3,0.2,-0.2,1,0,"```json
{""x"": 579, ""y"": 313}
```"
ui_L3_h20_c3.0_R.png,3,20,3.0,True,337,163,337,163,0.3,-0.2,-0.2,1,0,"```json
{""x"": 421, ""y"": 313}
```"
ui_L3_h20_c4.5_N.png,3,20,4.5,False,463,163,463,163,0.3,0.2,-0.2,1,0,"```json
{""x"": 579, ""y"": 313}
```"
ui_L3_h20_c4.5_R.png,3,20,4.5,True,337,163,337,163,0.3,-0.2,-0.2,1,0,"```json
{""x"": 421, ""y"": 313}
```"
ui_L3_h65_c1.5_N.png,3,65,1.5,False,463,163,463,163,0.3,0.2,-0.2,1,0,"```json
{""x"": 579, ""y"": 313}
```"
ui_L3_h65_c1.5_R.png,3,65,1.5,True,337,163,337,163,0.3,-0.2,-0.2,1,0,"```json
{""x"": 421, ""y"": 313}
```"
ui_L3_h65_c3.0_N.png,3,65,3.0,False,463,163,463,163,0.3,0.2,0.3,1,0,"```json
{""x"": 579, ""y"": 314}
```"
ui_L3_h65_c3.0_R.png,3,65,3.0,True,337,163,336,163,1.0,-1.0,-0.2,1,0,"```json
{""x"": 420, ""y"": 313}
```"
ui_L3_h65_c4.5_N.png,3,65,4.5,False,463,163,463,163,0.3,0.2,-0.2,1,0,"```json
{""x"": 579, ""y"": 313}
```"
ui_L3_h65_c4.5_R.png,3,65,4.5,True,337,163,337,163,0.3,-0.2,-0.2,1,0,"```json
{""x"": 421, ""y"": 313}
```"
ui_L3_h110_c1.5_N.png,3,110,1.5,False,463,163,463,163,0.3,0.2,-0.2,1,0,"```json
{""x"": 579, ""y"": 313}
```"
ui_L3_h110_c1.5_R.png,3,110,1.5,True,337,163,337,163,0.3,-0.2,0.3,1,0,"```json
{""x"": 421, ""y"": 314}
```"
ui_L3_h110_c3.0_N.png,3,110,3.0,False,463,163,463,163,0.3,0.2,0.3,1,0,"```json
{""x"": 579, ""y"": 314}
```"
ui_L3_h110_c3.0_R.png,3,110,3.0,True,337,163,337,163,0.3,-0.2,-0.2,1,0,"```json
{""x"": 421, ""y"": 313}
```"
ui_L3_h110_c4.5_N.png,3,110,4.5,False,463,163,463,163,0.3,0.2,-0.2,1,0,"```json
{""x"": 579, ""y"": 313}
```"
ui_L3_h110_c4.5_R.png,3,110,4.5,True,337,163,337,163,0.3,-0.2,-0.2,1,0,"```json
{""x"": 421, ""y"": 313}
```"
ui_L3_h155_c1.5_N.png,3,155,1.5,False,463,163,463,163,0.3,0.2,-0.2,1,0,"```json
{""x"": 579, ""y"": 313}
```"
ui_L3_h155_c1.5_R.png,3,155,1.5,True,337,163,337,163,0.3,-0.2,0.3,1,0,"```json
{""x"": 421, ""y"": 314}
```"
ui_L3_h155_c3.0_N.png,3,155,3.0,False,463,163,463,163,0.3,0.2,-0.2,1,0,"```json
{""x"": 579, ""y"": 313}
```"
ui_L3_h155_c3.0_R.png,3,155,3.0,True,337,163,337,163,0.3,-0.2,-0.2,1,0,"```json
{""x"": 421, ""y"": 313}
```"
ui_L3_h155_c4.5_N.png,3,155,4.5,False,463,163,463,163,0.3,0.2,0.3,1,0,"```json
{""x"": 579, ""y"": 314}
```"
ui_L3_h155_c4.5_R.png,3,155,4.5,True,337,163,337,163,0.3,-0.2,-0.2,1,0,"```json
{""x"": 421, ""y"": 313}
```"
ui_L3_h200_c1.5_N.png,3,200,1.5,False,463,163,464,163,1.0,1.0,0.3,1,0,"```json
{""x"": 580, ""y"": 314}
```"
ui_L3_h200_c1.5_R.png,3,200,1.5,True,337,163,337,163,0.3,-0.2,0.3,1,0,"```json
{""x"": 421, ""y"": 314}
```"
ui_L3_h200_c3.0_N.png,3,200,3.0,False,463,163,463,163,0.3,0.2,0.3,1,0,"```json
{""x"": 579, ""y"": 314}
```"
ui_L3_h200_c3.0_R.png,3,200,3.0,True,337,163,337,163,0.3,-0.2,-0.2,1,0,"```json
{""x"": 421, ""y"": 313}
```"
ui_L3_h200_c4.5_N.png,3,200,4.5,False,463,163,463,163,0.3,0.2,-0.2,1,0,"```json
{""x"": 579, ""y"": 313}
```"
ui_L3_h200_c4.5_R.png,3,200,4.5,True,337,163,337,163,0.3,-0.2,0.3,1,0,"```json
{""x"": 421, ""y"": 314}
```"
ui_L3_h245_c1.5_N.png,3,245,1.5,False,463,163,463,163,0.3,0.2,0.3,1,0,"```json
{""x"": 579, ""y"": 314}
```"
ui_L3_h245_c1.5_R.png,3,245,1.5,True,337,163,337,163,0.3,-0.2,0.3,1,0,"```json
{""x"": 421, ""y"": 314}
```"
ui_L3_h245_c3.0_N.png,3,245,3.0,False,463,163,463,163,0.3,0.2,-0.2,1,0,"```json
{""x"": 579, ""y"": 313}
```"
ui_L3_h245_c3.0_R.png,3,245,3.0,True,337,163,337,163,0.3,-0.2,-0.2,1,0,"```json
{""x"": 421, ""y"": 313}
```"
ui_L3_h245_c4.5_N.png,3,245,4.5,False,463,163,463,163,0.3,0.2,-0.2,1,0,"```json
{""x"": 579, ""y"": 313}
```"
ui_L3_h245_c4.5_R.png,3,245,4.5,True,337,163,337,163,0.3,-0.2,-0.2,1,0,"```json
{""x"": 421, ""y"": 313}
```"
ui_L3_h290_c1.5_N.png,3,290,1.5,False,463,163,463,163,0.3,0.2,0.3,1,0,"```json
{""x"": 579, ""y"": 314}
```"
ui_L3_h290_c1.5_R.png,3,290,1.5,True,337,163,337,163,0.3,-0.2,-0.2,1,0,"```json
{""x"": 421, ""y"": 313}
```"
ui_L3_h290_c3.0_N.png,3,290,3.0,False,463,163,463,163,0.3,0.2,0.3,1,0,"```json
{""x"": 579, ""y"": 314}
```"
ui_L3_h290_c3.0_R.png,3,290,3.0,True,337,163,337,163,0.3,-0.2,-0.2,1,0,"```json
{""x"": 421, ""y"": 313}
```"
ui_L3_h290_c4.5_N.png,3,290,4.5,False,463,163,463,163,0.3,0.2,0.3,1,0,"```json
{""x"": 579, ""y"": 314}
```"
ui_L3_h290_c4.5_R.png,3,290,4.5,True,337,163,337,163,0.3,-0.2,-0.2,1,0,"```json
{""x"": 421, ""y"": 313}
```"
ui_L3_h335_c1.5_N.png,3,335,1.5,False,463,163,463,163,0.3,0.2,-0.2,1,0,"```json
{""x"": 579, ""y"": 313}
```"
ui_L3_h335_c1.5_R.png,3,335,1.5,True,337,163,337,163,0.3,-0.2,0.3,1,0,"```json
{""x"": 421, ""y"": 314}
```"
ui_L3_h335_c3.0_N.png,3,335,3.0,False,463,163,462,163,0.6,-0.6,-0.2,1,0,"```json
{""x"": 578, ""y"": 313}
```"
ui_L3_h335_c3.0_R.png,3,335,3.0,True,337,163,337,163,0.3,-0.2,-0.2,1,0,"```json
{""x"": 421, ""y"": 313}
```"
ui_L3_h335_c4.5_N.png,3,335,4.5,False,463,163,463,163,0.3,0.2,-0.2,1,0,"```json
{""x"": 579, ""y"": 313}
```"
ui_L3_h335_c4.5_R.png,3,335,4.5,True,337,163,337,162,0.8,-0.2,-0.8,1,0,"```json
{""x"": 421, ""y"": 312}
```"
