contrast,hue,flip,btn_hex,bg_hex,cx,cy,file
1.5,빨강,False,#ef6354,#737373,237,194,ui_c1.5_빨강_L.png
1.5,빨강,True,#ef6354,#737373,563,194,ui_c1.5_빨강_R.png
1.5,노랑,False,#a39001,#737373,594,64,ui_c1.5_노랑_L.png
1.5,노랑,True,#a39001,#737373,206,64,ui_c1.5_노랑_R.png
1.5,초록,False,#38a446,#737373,497,461,ui_c1.5_초록_L.png
1.5,초록,True,#38a446,#737373,303,461,ui_c1.5_초록_R.png
1.5,파랑,False,#3f8fff,#737373,334,148,ui_c1.5_파랑_L.png
1.5,파랑,True,#3f8fff,#737373,466,148,ui_c1.5_파랑_R.png
3.0,빨강,False,#ef6354,#454545,259,67,ui_c3.0_빨강_L.png
3.0,빨강,True,#ef6354,#454545,541,67,ui_c3.0_빨강_R.png
3.0,노랑,False,#a39001,#454545,137,354,ui_c3.0_노랑_L.png
3.0,노랑,True,#a39001,#454545,663,354,ui_c3.0_노랑_R.png
3.0,초록,False,#38a446,#454545,96,388,ui_c3.0_초록_L.png
3.0,초록,True,#38a446,#454545,704,388,ui_c3.0_초록_R.png
3.0,파랑,False,#3f8fff,#454545,657,338,ui_c3.0_파랑_L.png
3.0,파랑,True,#3f8fff,#454545,143,338,ui_c3.0_파랑_R.png
4.5,빨강,False,#ef6354,#2a2a2a,625,462,ui_c4.5_빨강_L.png
4.5,빨강,True,#ef6354,#2a2a2a,175,462,ui_c4.5_빨강_R.png
4.5,노랑,False,#a39001,#2a2a2a,619,143,ui_c4.5_노랑_L.png
4.5,노랑,True,#a39001,#2a2a2a,181,143,ui_c4.5_노랑_R.png
4.5,초록,False,#38a446,#2a2a2a,370,75,ui_c4.5_초록_L.png
4.5,초록,True,#38a446,#2a2a2a,430,75,ui_c4.5_초록_R.png
4.5,파랑,False,#3f8fff,#2a2a2a,203,93,ui_c4.5_파랑_L.png
4.5,파랑,True,#3f8fff,#2a2a2a,597,93,ui_c4.5_파랑_R.png
