layout,hue,contrast,flip,btn_hex,bg_hex,cx,cy,file
0,20,1.5,False,#fa979c,#919191,196,251,ui_L0_h20_c1.5_N.png
0,20,1.5,True,#fa979c,#919191,604,251,ui_L0_h20_c1.5_R.png
0,20,3.0,False,#fa979c,#606060,196,251,ui_L0_h20_c3.0_N.png
0,20,3.0,True,#fa979c,#606060,604,251,ui_L0_h20_c3.0_R.png
0,20,4.5,False,#fa979c,#464646,196,251,ui_L0_h20_c4.5_N.png
0,20,4.5,True,#fa979c,#464646,604,251,ui_L0_h20_c4.5_R.png
0,65,1.5,False,#e4a671,#919191,196,251,ui_L0_h65_c1.5_N.png
0,65,1.5,True,#e4a671,#919191,604,251,ui_L0_h65_c1.5_R.png
0,65,3.0,False,#e4a671,#606060,196,251,ui_L0_h65_c3.0_N.png
0,65,3.0,True,#e4a671,#606060,604,251,ui_L0_h65_c3.0_R.png
0,65,4.5,False,#e4a671,#464646,196,251,ui_L0_h65_c4.5_N.png
0,65,4.5,True,#e4a671,#464646,604,251,ui_L0_h65_c4.5_R.png
0,110,1.5,False,#b2b86d,#919191,196,251,ui_L0_h110_c1.5_N.png
0,110,1.5,True,#b2b86d,#919191,604,251,ui_L0_h110_c1.5_R.png
0,110,3.0,False,#b2b86d,#606060,196,251,ui_L0_h110_c3.0_N.png
0,110,3.0,True,#b2b86d,#606060,604,251,ui_L0_h110_c3.0_R.png
0,110,4.5,False,#b2b86d,#464646,196,251,ui_L0_h110_c4.5_N.png
0,110,4.5,True,#b2b86d,#464646,604,251,ui_L0_h110_c4.5_R.png
0,155,1.5,False,#71c493,#919191,196,251,ui_L0_h155_c1.5_N.png
0,155,1.5,True,#71c493,#919191,604,251,ui_L0_h155_c1.5_R.png
0,155,3.0,False,#71c493,#606060,196,251,ui_L0_h155_c3.0_N.png
0,155,3.0,True,#71c493,#606060,604,251,ui_L0_h155_c3.0_R.png
0,155,4.5,False,#71c493,#464646,196,251,ui_L0_h155_c4.5_N.png
0,155,4.5,True,#71c493,#464646,604,251,ui_L0_h155_c4.5_R.png
0,200,1.5,False,#18c6cb,#919191,196,251,ui_L0_h200_c1.5_N.png
0,200,1.5,True,#18c6cb,#919191,604,251,ui_L0_h200_c1.5_R.png
0,200,3.0,False,#18c6cb,#606060,196,251,ui_L0_h200_c3.0_N.png
0,200,3.0,True,#18c6cb,#606060,604,251,ui_L0_h200_c3.0_R.png
0,200,4.5,False,#18c6cb,#464646,196,251,ui_L0_h200_c4.5_N.png
0,200,4.5,True,#18c6cb,#464646,604,251,ui_L0_h200_c4.5_R.png
0,245,1.5,False,#43bff4,#919191,196,251,ui_L0_h245_c1.5_N.png
0,245,1.5,True,#43bff4,#919191,604,251,ui_L0_h245_c1.5_R.png
0,245,3.0,False,#43bff4,#606060,196,251,ui_L0_h245_c3.0_N.png
0,245,3.0,True,#43bff4,#606060,604,251,ui_L0_h245_c3.0_R.png
0,245,4.5,False,#43bff4,#464646,196,251,ui_L0_h245_c4.5_N.png
0,245,4.5,True,#43bff4,#464646,604,251,ui_L0_h245_c4.5_R.png
0,290,1.5,False,#a5aef8,#919191,196,251,ui_L0_h290_c1.5_N.png
0,290,1.5,True,#a5aef8,#919191,604,251,ui_L0_h290_c1.5_R.png
0,290,3.0,False,#a5aef8,#606060,196,251,ui_L0_h290_c3.0_N.png
0,290,3.0,True,#a5aef8,#606060,604,251,ui_L0_h290_c3.0_R.png
0,290,4.5,False,#a5aef8,#464646,196,251,ui_L0_h290_c4.5_N.png
0,290,4.5,True,#a5aef8,#464646,604,251,ui_L0_h290_c4.5_R.png
0,335,1.5,False,#e69bd3,#919191,196,251,ui_L0_h335_c1.5_N.png
0,335,1.5,True,#e69bd3,#919191,604,251,ui_L0_h335_c1.5_R.png
0,335,3.0,False,#e69bd3,#606060,196,251,ui_L0_h335_c3.0_N.png
0,335,3.0,True,#e69bd3,#606060,604,251,ui_L0_h335_c3.0_R.png
0,335,4.5,False,#e69bd3,#464646,196,251,ui_L0_h335_c4.5_N.png
0,335,4.5,True,#e69bd3,#464646,604,251,ui_L0_h335_c4.5_R.png
1,20,1.5,False,#fa979c,#919191,259,258,ui_L1_h20_c1.5_N.png
1,20,1.5,True,#fa979c,#919191,541,258,ui_L1_h20_c1.5_R.png
1,20,3.0,False,#fa979c,#606060,259,258,ui_L1_h20_c3.0_N.png
1,20,3.0,True,#fa979c,#606060,541,258,ui_L1_h20_c3.0_R.png
1,20,4.5,False,#fa979c,#464646,259,258,ui_L1_h20_c4.5_N.png
1,20,4.5,True,#fa979c,#464646,541,258,ui_L1_h20_c4.5_R.png
1,65,1.5,False,#e4a671,#919191,259,258,ui_L1_h65_c1.5_N.png
1,65,1.5,True,#e4a671,#919191,541,258,ui_L1_h65_c1.5_R.png
1,65,3.0,False,#e4a671,#606060,259,258,ui_L1_h65_c3.0_N.png
1,65,3.0,True,#e4a671,#606060,541,258,ui_L1_h65_c3.0_R.png
1,65,4.5,False,#e4a671,#464646,259,258,ui_L1_h65_c4.5_N.png
1,65,4.5,True,#e4a671,#464646,541,258,ui_L1_h65_c4.5_R.png
1,110,1.5,False,#b2b86d,#919191,259,258,ui_L1_h110_c1.5_N.png
1,110,1.5,True,#b2b86d,#919191,541,258,ui_L1_h110_c1.5_R.png
1,110,3.0,False,#b2b86d,#606060,259,258,ui_L1_h110_c3.0_N.png
1,110,3.0,True,#b2b86d,#606060,541,258,ui_L1_h110_c3.0_R.png
1,110,4.5,False,#b2b86d,#464646,259,258,ui_L1_h110_c4.5_N.png
1,110,4.5,True,#b2b86d,#464646,541,258,ui_L1_h110_c4.5_R.png
1,155,1.5,False,#71c493,#919191,259,258,ui_L1_h155_c1.5_N.png
1,155,1.5,True,#71c493,#919191,541,258,ui_L1_h155_c1.5_R.png
1,155,3.0,False,#71c493,#606060,259,258,ui_L1_h155_c3.0_N.png
1,155,3.0,True,#71c493,#606060,541,258,ui_L1_h155_c3.0_R.png
1,155,4.5,False,#71c493,#464646,259,258,ui_L1_h155_c4.5_N.png
1,155,4.5,True,#71c493,#464646,541,258,ui_L1_h155_c4.5_R.png
1,200,1.5,False,#18c6cb,#919191,259,258,ui_L1_h200_c1.5_N.png
1,200,1.5,True,#18c6cb,#919191,541,258,ui_L1_h200_c1.5_R.png
1,200,3.0,False,#18c6cb,#606060,259,258,ui_L1_h200_c3.0_N.png
1,200,3.0,True,#18c6cb,#606060,541,258,ui_L1_h200_c3.0_R.png
1,200,4.5,False,#18c6cb,#464646,259,258,ui_L1_h200_c4.5_N.png
1,200,4.5,True,#18c6cb,#464646,541,258,ui_L1_h200_c4.5_R.png
1,245,1.5,False,#43bff4,#919191,259,258,ui_L1_h245_c1.5_N.png
1,245,1.5,True,#43bff4,#919191,541,258,ui_L1_h245_c1.5_R.png
1,245,3.0,False,#43bff4,#606060,259,258,ui_L1_h245_c3.0_N.png
1,245,3.0,True,#43bff4,#606060,541,258,ui_L1_h245_c3.0_R.png
1,245,4.5,False,#43bff4,#464646,259,258,ui_L1_h245_c4.5_N.png
1,245,4.5,True,#43bff4,#464646,541,258,ui_L1_h245_c4.5_R.png
1,290,1.5,False,#a5aef8,#919191,259,258,ui_L1_h290_c1.5_N.png
1,290,1.5,True,#a5aef8,#919191,541,258,ui_L1_h290_c1.5_R.png
1,290,3.0,False,#a5aef8,#606060,259,258,ui_L1_h290_c3.0_N.png
1,290,3.0,True,#a5aef8,#606060,541,258,ui_L1_h290_c3.0_R.png
1,290,4.5,False,#a5aef8,#464646,259,258,ui_L1_h290_c4.5_N.png
1,290,4.5,True,#a5aef8,#464646,541,258,ui_L1_h290_c4.5_R.png
1,335,1.5,False,#e69bd3,#919191,259,258,ui_L1_h335_c1.5_N.png
1,335,1.5,True,#e69bd3,#919191,541,258,ui_L1_h335_c1.5_R.png
1,335,3.0,False,#e69bd3,#606060,259,258,ui_L1_h335_c3.0_N.png
1,335,3.0,True,#e69bd3,#606060,541,258,ui_L1_h335_c3.0_R.png
1,335,4.5,False,#e69bd3,#464646,259,258,ui_L1_h335_c4.5_N.png
1,335,4.5,True,#e69bd3,#464646,541,258,ui_L1_h335_c4.5_R.png
2,20,1.5,False,#fa979c,#919191,379,297,ui_L2_h20_c1.5_N.png
2,20,1.5,True,#fa979c,#919191,421,297,ui_L2_h20_c1.5_R.png
2,20,3.0,False,#fa979c,#606060,379,297,ui_L2_h20_c3.0_N.png
2,20,3.0,True,#fa979c,#606060,421,297,ui_L2_h20_c3.0_R.png
2,20,4.5,False,#fa979c,#464646,379,297,ui_L2_h20_c4.5_N.png
2,20,4.5,True,#fa979c,#464646,421,297,ui_L2_h20_c4.5_R.png
2,65,1.5,False,#e4a671,#919191,379,297,ui_L2_h65_c1.5_N.png
2,65,1.5,True,#e4a671,#919191,421,297,ui_L2_h65_c1.5_R.png
2,65,3.0,False,#e4a671,#606060,379,297,ui_L2_h65_c3.0_N.png
2,65,3.0,True,#e4a671,#606060,421,297,ui_L2_h65_c3.0_R.png
2,65,4.5,False,#e4a671,#464646,379,297,ui_L2_h65_c4.5_N.png
2,65,4.5,True,#e4a671,#464646,421,297,ui_L2_h65_c4.5_R.png
2,110,1.5,False,#b2b86d,#919191,379,297,ui_L2_h110_c1.5_N.png
2,110,1.5,True,#b2b86d,#919191,421,297,ui_L2_h110_c1.5_R.png
2,110,3.0,False,#b2b86d,#606060,379,297,ui_L2_h110_c3.0_N.png
2,110,3.0,True,#b2b86d,#606060,421,297,ui_L2_h110_c3.0_R.png
2,110,4.5,False,#b2b86d,#464646,379,297,ui_L2_h110_c4.5_N.png
2,110,4.5,True,#b2b86d,#464646,421,297,ui_L2_h110_c4.5_R.png
2,155,1.5,False,#71c493,#919191,379,297,ui_L2_h155_c1.5_N.png
2,155,1.5,True,#71c493,#919191,421,297,ui_L2_h155_c1.5_R.png
2,155,3.0,False,#71c493,#606060,379,297,ui_L2_h155_c3.0_N.png
2,155,3.0,True,#71c493,#606060,421,297,ui_L2_h155_c3.0_R.png
2,155,4.5,False,#71c493,#464646,379,297,ui_L2_h155_c4.5_N.png
2,155,4.5,True,#71c493,#464646,421,297,ui_L2_h155_c4.5_R.png
2,200,1.5,False,#18c6cb,#919191,379,297,ui_L2_h200_c1.5_N.png
2,200,1.5,True,#18c6cb,#919191,421,297,ui_L2_h200_c1.5_R.png
2,200,3.0,False,#18c6cb,#606060,379,297,ui_L2_h200_c3.0_N.png
2,200,3.0,True,#18c6cb,#606060,421,297,ui_L2_h200_c3.0_R.png
2,200,4.5,False,#18c6cb,#464646,379,297,ui_L2_h200_c4.5_N.png
2,200,4.5,True,#18c6cb,#464646,421,297,ui_L2_h200_c4.5_R.png
2,245,1.5,False,#43bff4,#919191,379,297,ui_L2_h245_c1.5_N.png
2,245,1.5,True,#43bff4,#919191,421,297,ui_L2_h245_c1.5_R.png
2,245,3.0,False,#43bff4,#606060,379,297,ui_L2_h245_c3.0_N.png
2,245,3.0,True,#43bff4,#606060,421,297,ui_L2_h245_c3.0_R.png
2,245,4.5,False,#43bff4,#464646,379,297,ui_L2_h245_c4.5_N.png
2,245,4.5,True,#43bff4,#464646,421,297,ui_L2_h245_c4.5_R.png
2,290,1.5,False,#a5aef8,#919191,379,297,ui_L2_h290_c1.5_N.png
2,290,1.5,True,#a5aef8,#919191,421,297,ui_L2_h290_c1.5_R.png
2,290,3.0,False,#a5aef8,#606060,379,297,ui_L2_h290_c3.0_N.png
2,290,3.0,True,#a5aef8,#606060,421,297,ui_L2_h290_c3.0_R.png
2,290,4.5,False,#a5aef8,#464646,379,297,ui_L2_h290_c4.5_N.png
2,290,4.5,True,#a5aef8,#464646,421,297,ui_L2_h290_c4.5_R.png
2,335,1.5,False,#e69bd3,#919191,379,297,ui_L2_h335_c1.5_N.png
2,335,1.5,True,#e69bd3,#919191,421,297,ui_L2_h335_c1.5_R.png
2,335,3.0,False,#e69bd3,#606060,379,297,ui_L2_h335_c3.0_N.png
2,335,3.0,True,#e69bd3,#606060,421,297,ui_L2_h335_c3.0_R.png
2,335,4.5,False,#e69bd3,#464646,379,297,ui_L2_h335_c4.5_N.png
2,335,4.5,True,#e69bd3,#464646,421,297,ui_L2_h335_c4.5_R.png
3,20,1.5,False,#fa979c,#919191,463,163,ui_L3_h20_c1.5_N.png
3,20,1.5,True,#fa979c,#919191,337,163,ui_L3_h20_c1.5_R.png
3,20,3.0,False,#fa979c,#606060,463,163,ui_L3_h20_c3.0_N.png
3,20,3.0,True,#fa979c,#606060,337,163,ui_L3_h20_c3.0_R.png
3,20,4.5,False,#fa979c,#464646,463,163,ui_L3_h20_c4.5_N.png
3,20,4.5,True,#fa979c,#464646,337,163,ui_L3_h20_c4.5_R.png
3,65,1.5,False,#e4a671,#919191,463,163,ui_L3_h65_c1.5_N.png
3,65,1.5,True,#e4a671,#919191,337,163,ui_L3_h65_c1.5_R.png
3,65,3.0,False,#e4a671,#606060,463,163,ui_L3_h65_c3.0_N.png
3,65,3.0,True,#e4a671,#606060,337,163,ui_L3_h65_c3.0_R.png
3,65,4.5,False,#e4a671,#464646,463,163,ui_L3_h65_c4.5_N.png
3,65,4.5,True,#e4a671,#464646,337,163,ui_L3_h65_c4.5_R.png
3,110,1.5,False,#b2b86d,#919191,463,163,ui_L3_h110_c1.5_N.png
3,110,1.5,True,#b2b86d,#919191,337,163,ui_L3_h110_c1.5_R.png
3,110,3.0,False,#b2b86d,#606060,463,163,ui_L3_h110_c3.0_N.png
3,110,3.0,True,#b2b86d,#606060,337,163,ui_L3_h110_c3.0_R.png
3,110,4.5,False,#b2b86d,#464646,463,163,ui_L3_h110_c4.5_N.png
3,110,4.5,True,#b2b86d,#464646,337,163,ui_L3_h110_c4.5_R.png
3,155,1.5,False,#71c493,#919191,463,163,ui_L3_h155_c1.5_N.png
3,155,1.5,True,#71c493,#919191,337,163,ui_L3_h155_c1.5_R.png
3,155,3.0,False,#71c493,#606060,463,163,ui_L3_h155_c3.0_N.png
3,155,3.0,True,#71c493,#606060,337,163,ui_L3_h155_c3.0_R.png
3,155,4.5,False,#71c493,#464646,463,163,ui_L3_h155_c4.5_N.png
3,155,4.5,True,#71c493,#464646,337,163,ui_L3_h155_c4.5_R.png
3,200,1.5,False,#18c6cb,#919191,463,163,ui_L3_h200_c1.5_N.png
3,200,1.5,True,#18c6cb,#919191,337,163,ui_L3_h200_c1.5_R.png
3,200,3.0,False,#18c6cb,#606060,463,163,ui_L3_h200_c3.0_N.png
3,200,3.0,True,#18c6cb,#606060,337,163,ui_L3_h200_c3.0_R.png
3,200,4.5,False,#18c6cb,#464646,463,163,ui_L3_h200_c4.5_N.png
3,200,4.5,True,#18c6cb,#464646,337,163,ui_L3_h200_c4.5_R.png
3,245,1.5,False,#43bff4,#919191,463,163,ui_L3_h245_c1.5_N.png
3,245,1.5,True,#43bff4,#919191,337,163,ui_L3_h245_c1.5_R.png
3,245,3.0,False,#43bff4,#606060,463,163,ui_L3_h245_c3.0_N.png
3,245,3.0,True,#43bff4,#606060,337,163,ui_L3_h245_c3.0_R.png
3,245,4.5,False,#43bff4,#464646,463,163,ui_L3_h245_c4.5_N.png
3,245,4.5,True,#43bff4,#464646,337,163,ui_L3_h245_c4.5_R.png
3,290,1.5,False,#a5aef8,#919191,463,163,ui_L3_h290_c1.5_N.png
3,290,1.5,True,#a5aef8,#919191,337,163,ui_L3_h290_c1.5_R.png
3,290,3.0,False,#a5aef8,#606060,463,163,ui_L3_h290_c3.0_N.png
3,290,3.0,True,#a5aef8,#606060,337,163,ui_L3_h290_c3.0_R.png
3,290,4.5,False,#a5aef8,#464646,463,163,ui_L3_h290_c4.5_N.png
3,290,4.5,True,#a5aef8,#464646,337,163,ui_L3_h290_c4.5_R.png
3,335,1.5,False,#e69bd3,#919191,463,163,ui_L3_h335_c1.5_N.png
3,335,1.5,True,#e69bd3,#919191,337,163,ui_L3_h335_c1.5_R.png
3,335,3.0,False,#e69bd3,#606060,463,163,ui_L3_h335_c3.0_N.png
3,335,3.0,True,#e69bd3,#606060,337,163,ui_L3_h335_c3.0_R.png
3,335,4.5,False,#e69bd3,#464646,463,163,ui_L3_h335_c4.5_N.png
3,335,4.5,True,#e69bd3,#464646,337,163,ui_L3_h335_c4.5_R.png
