file,site,label,hue,true_x,true_y,pred_x,pred_y,err,dx,dy,box_in,fail,raw
github_New_110.png,github,New,110,1683,307,1681,308,2.2,-1.8,1.3,1,0,"```json
{""x"": 877, ""y"": 286}
```"
github_New_155.png,github,New,155,1683,307,1683,308,1.3,0.1,1.3,1,0,"```json
{""x"": 878, ""y"": 286}
```"
github_New_20.png,github,New,20,1683,307,1683,307,0.3,0.1,0.2,1,0,"{""x"": 878, ""y"": 285}"
github_New_200.png,github,New,200,1683,307,1683,307,0.3,0.1,0.2,1,0,"```json
{""x"": 878, ""y"": 285}
```"
github_New_245.png,github,New,245,1683,307,1681,308,2.2,-1.8,1.3,1,0,"```json
{""x"": 877, ""y"": 286}
```"
github_New_290.png,github,New,290,1683,307,1681,307,1.8,-1.8,0.2,1,0,"```json
{""x"": 877, ""y"": 285}
```"
github_New_335.png,github,New,335,1683,307,1683,307,0.3,0.1,0.2,1,0,"{""x"": 878, ""y"": 285}"
github_New_65.png,github,New,65,1683,307,1683,308,1.3,0.1,1.3,1,0,"{""x"": 878, ""y"": 286}"
