file,contrast,hue,true_x,true_y,raw,pred_x,pred_y,err_px,hit
ui_c1.5_빨강_L.png,1.5,빨강,237,194,"```json
{""x"": 298, ""y"": 371}
```",298,371,187.2,False
ui_c1.5_빨강_R.png,1.5,빨강,563,194,"```json
{""x"": 703, ""y"": 372}
```",703,372,226.5,False
ui_c1.5_노랑_L.png,1.5,노랑,594,64,"```json
{""x"": 743, ""y"": 122}
```",743,122,159.9,False
ui_c1.5_노랑_R.png,1.5,노랑,206,64,"```json
{""x"": 256, ""y"": 122}
```",256,122,76.6,True
ui_c1.5_초록_L.png,1.5,초록,497,461,"```json
{""x"": 622, ""y"": 869}
```",498,452,9.1,True
ui_c1.5_초록_R.png,1.5,초록,303,461,"```json
{""x"": 378, ""y"": 887}
```",302,461,0.6,True
ui_c1.5_파랑_L.png,1.5,파랑,334,148,"```json
{""x"": 418, ""y"": 285}
```",418,285,160.7,False
ui_c1.5_파랑_R.png,1.5,파랑,466,148,"{""x"": 582, ""y"": 286}",582,286,180.3,False
ui_c3.0_빨강_L.png,3.0,빨강,259,67,"```json
{""x"": 324, ""y"": 128}
```",324,128,89.1,True
ui_c3.0_빨강_R.png,3.0,빨강,541,67,"```json
{""x"": 675, ""y"": 128}
```",675,128,147.2,False
ui_c3.0_노랑_L.png,3.0,노랑,137,354,"```json
{""x"": 172, ""y"": 678}
```",138,353,1.6,True
ui_c3.0_노랑_R.png,3.0,노랑,663,354,"```json
{""x"": 827, ""y"": 677}
```",662,352,2.4,True
ui_c3.0_초록_L.png,3.0,초록,96,388,"```json
{""x"": 121, ""y"": 747}
```",97,388,0.9,True
ui_c3.0_초록_R.png,3.0,초록,704,388,"```json
{""x"": 878, ""y"": 747}
```",702,388,1.7,True
ui_c3.0_파랑_L.png,3.0,파랑,657,338,"```json
{""x"": 822, ""y"": 346}
```",822,346,165.2,False
ui_c3.0_파랑_R.png,3.0,파랑,143,338,"```json
{""x"": 178, ""y"": 648}
```",178,648,312.0,False
ui_c4.5_빨강_L.png,4.5,빨강,625,462,"```json
{""x"": 781, ""y"": 889}
```",625,462,0.3,True
ui_c4.5_빨강_R.png,4.5,빨강,175,462,"```json
{""x"": 218, ""y"": 888}
```",174,462,0.6,True
ui_c4.5_노랑_L.png,4.5,노랑,619,143,"```json
{""x"": 774, ""y"": 274}
```",774,274,202.9,False
ui_c4.5_노랑_R.png,4.5,노랑,181,143,"```json
{""x"": 226, ""y"": 274}
```",226,274,138.5,False
ui_c4.5_초록_L.png,4.5,초록,370,75,"```json
{""x"": 462, ""y"": 142}
```",462,142,113.8,False
ui_c4.5_초록_R.png,4.5,초록,430,75,"```json
{""x"": 536, ""y"": 144}
```",536,144,126.5,False
ui_c4.5_파랑_L.png,4.5,파랑,203,93,"```json
{""x"": 253, ""y"": 178}
```",253,178,98.6,False
ui_c4.5_파랑_R.png,4.5,파랑,597,93,"```json
{""x"": 745, ""y"": 178}
```",745,178,170.7,False
